Data wystawienia;Kontrahent;Przychód;Rozchód
31.12.2020;;184;0
28.12.2020;WTB INSTALACJE - Pawe³ Knysz;0;2
22.12.2020;Cargilll Poland Sp. z o.o. Oddzia³ w Bielanach Wr;0;3
22.12.2020;WSPÓLNOTA MIESZKANIOWA APARTAMENTY STRZEGOMSKA;0;1
16.12.2020;KAUFLAND POLSKA MARKETY Sp. z o.o. Sp.k.;0;2
14.12.2020;KAUFLAND POLSKA MARKETY Sp. z o.o. Sp.k.;0;1
11.12.2020;Szko³a Podstawowa Nr 73;0;2
07.12.2020;KAUFLAND POLSKA MARKETY Sp. z o.o. Sp.k.;0;4
07.12.2020;KAUFLAND POLSKA MARKETY Sp. z o.o. Sp.k.;0;1
01.12.2020; WM PRZY UL. AWICENNY 30, 30a-32d WE WROC£AWIU;0;1
30.11.2020;"SM ""STOCZNIOWIEC"" WE WROC£AWIU";0;1
30.11.2020;"SM ""STOCZNIOWIEC"" WE WROC£AWIU";0;1
27.11.2020;WTB INSTALACJE - Pawe³ Knysz;0;1
26.11.2020;Witold Dery³o Bezpieczeñstwo Po¿arowe;0;10
25.11.2020;KAUFLAND POLSKA MARKETY Sp. z o.o. Sp.k.;0;1
23.11.2020;WSPÓLNOTA MIESZKANIOWA  PARTYNICE HOUSE M,N;0;2
06.11.2020;WSPÓLNOTA MIESZKANIOWA UL. BLACHARSKA 32 WROC£AW;0;1
02.11.2020;KAUFLAND POLSKA MARKETY Sp. z o.o. Sp.k.;0;1
28.10.2020;WM ul. Rodzinna 23-23C, ul. PrzyjaŸni 52-64A Wroc³;0;3
28.10.2020;Wspólnota Mieszkaniowa ul.Zatorska 92-104;0;1
27.10.2020;"WSPÓLNOTA MIESZKANIOWA ""KOWARZYKA 3-5-7""";0;1
26.10.2020;ULTRANET Sp. z o.o.;0;1
23.10.2020;KAUFLAND POLSKA MARKETY Sp. z o.o. Sp.k.;0;2
22.10.2020;Wspólnota Mieszkaniowa „Osiedle Chabrowe 79-97”;0;5
15.10.2020;KAUFLAND POLSKA MARKETY Sp. z o.o. Sp.k.;0;5
14.10.2020;ZAK£AD METALIZACJI PRÓ¯NIOWEJ MAREK GRODZKI;100;0
12.10.2020;Cargilll Poland Sp. z o.o. Oddzia³ w Bielanach Wr;0;7
09.10.2020;KAUFLAND POLSKA MARKETY Sp. z o.o. Sp.k.;0;1
07.10.2020;Wspólnota Mieszkaniowa „ Mosiê¿na 3-21”;0;6
06.10.2020;IN-BUD INVEST Sp. z o.o. Sp. k.;0;2
02.10.2020;KAUFLAND POLSKA MARKETY Sp. z o.o. Sp.k.;0;2
01.10.2020;KAUFLAND POLSKA MARKETY Sp. z o.o. Sp.k.;0;1
28.09.2020;HIRSCH POROZELL Sp. z o.o.;0;1
28.09.2020;WM RUMIANKOWA 55,55a,b, OBJAZDOWA 54,56,56A,56B ;0;1
25.09.2020;KAUFLAND POLSKA MARKETY Sp. z o.o. Sp.k.;0;1
23.09.2020;BFF INVESTMENTS POLSKA SP. z o.o.;0;1
22.09.2020;"WSPÓLNOTA MIESZKANIOWA ""NOWA KAMIENICA""";0;1
21.09.2020;WSPÓLNOTA MIESZKANIOWA PRZU UL. KRZYCKIEJ 92 BCD ;0;2
15.09.2020;KAUFLAND POLSKA MARKETY Sp. z o.o. Sp.k.;0;5
15.09.2020;KAUFLAND POLSKA MARKETY Sp. z o.o. Sp.k.;0;5
02.09.2020;ZESPÓ£ SZKOLNO- PRZEDSZKOLNY NR 1;0;5
02.09.2020;Cargilll Poland Sp. z o.o. Oddzia³ w Bielanach Wr;0;1
31.08.2020;WM UL.BAZYLIOWA 14-14D i 16-16D WE WROC£AWIU;0;3
28.08.2020;KAUFLAND POLSKA MARKETY Sp. z o.o. Sp.k.;0;1
28.08.2020;KAUFLAND POLSKA MARKETY Sp. z o.o. Sp.k.;0;2
25.08.2020;Szko³a Podstawowa Nr 83 im. Jana Kasprowicza;0;4
20.08.2020;CENTRUM KREATYWNOŒCI TALENT;0;2
14.08.2020;KAUFLAND POLSKA MARKETY Sp. z o.o. Sp.k.;0;1
14.08.2020;KAUFLAND POLSKA MARKETY Sp. z o.o. Sp.k.;0;2
07.08.2020;KAUFLAND POLSKA MARKETY Sp. z o.o. Sp.k.;0;1
07.08.2020;Wspólnota Mieszkaniowa ul.Skarbowców 78-82D;0;2
06.08.2020;KAUFLAND POLSKA MARKETY Sp. z o.o. Sp.k.;0;1
06.08.2020;KAUFLAND POLSKA MARKETY Sp. z o.o. Sp.k.;0;2
31.07.2020;KAUFLAND POLSKA MARKETY Sp. z o.o. Sp.k.;0;1
27.07.2020;KAUFLAND POLSKA MARKETY Sp. z o.o. Sp.k.;0;10
27.07.2020;Cargilll Poland Sp. z o.o. Oddzia³ w Bielanach Wr;0;8
20.07.2020;Szko³a Podstawowa Nr 80 im. Tysi¹clecia Wroc³awia;0;6
20.07.2020;Wspólnota Mieszkaniowa Jagie³³y 5a-5b;0;1
10.07.2020;KAUFLAND POLSKA MARKETY Sp. z o.o. Sp.k.;0;2
10.07.2020;KAUFLAND POLSKA MARKETY Sp. z o.o. Sp.k.;0;1
10.07.2020;KAUFLAND POLSKA MARKETY Sp. z o.o. Sp.k.;0;2
01.07.2020;KAUFLAND POLSKA MARKETY Sp. z o.o. Sp.k.;0;3
30.06.2020;KAUFLAND POLSKA MARKETY Sp. z o.o. Sp.k.;0;3
29.06.2020;Cargilll Poland Sp. z o.o. Oddzia³ w Bielanach Wr;0;1
12.06.2020;KAUFLAND POLSKA MARKETY Sp. z o.o. Sp.k.;0;2
09.06.2020;KAUFLAND POLSKA MARKETY Sp. z o.o. Sp.k.;0;1
09.06.2020;KAUFLAND POLSKA MARKETY Sp. z o.o. Sp.k.;0;1
05.06.2020;KAUFLAND POLSKA MARKETY Sp. z o.o. Sp.k.;0;2
05.06.2020;KAUFLAND POLSKA MARKETY Sp. z o.o. Sp.k.;0;1
02.06.2020;Wspólnota Mieszkaniowa PrzyjaŸni 101-105A;0;2
01.06.2020;"WM ""SOFT LOFTY CENTRUM"" ";0;1
29.05.2020;Superhobby Market Budowlany Sp. zoo;0;1
22.05.2020;"Wspólnota Mieszkaniowa ""Paryski Zak¹tek"" ";0;3
19.05.2020;WSPÓLNOTA MIESZKANIOWA UL. ZIELNA 19-21 WROC£AW;0;1
15.05.2020;KAUFLAND POLSKA MARKETY Sp. z o.o. Sp.k.;0;3
15.05.2020;KAUFLAND POLSKA MARKETY Sp. z o.o. Sp.k.;0;1
12.05.2020;Zespó³ Szkó³ Nr 3 we Wroc³awiu;0;2
11.05.2020;"Wspólnota Mieszkaniowa ""Zwyciêska 14F""";0;2
08.05.2020;"Wspólnota Mieszkaniowa ,,PARKOWE Z£OTNIKI""";0;2
08.05.2020;Sportowa Szko³a Podstawowa Nr 72;0;5
08.05.2020;Wspólnota Mieszkaniowa REZYDENCJA DUBOIS;0;1
07.05.2020;KAUFLAND POLSKA MARKETY Sp. z o.o. Sp.k.;0;1
07.05.2020;KAUFLAND POLSKA MARKETY Sp. z o.o. Sp.k.;0;1
05.05.2020;Wspólnota Mieszkaniowa ul. Zefirowa 19,21;0;1
05.05.2020;WSPÓLNOTA MIESZKANIOWA PRZY UL. SYRYJSKIEJ 2-16;0;1
30.04.2020;Wspólnota Mieszkaniowa ul. Rymarska 8-26;0;2
29.04.2020;KAUFLAND POLSKA MARKETY Sp. z o.o. Sp.k.;0;1
29.04.2020;KAUFLAND POLSKA MARKETY Sp. z o.o. Sp.k.;0;5
23.04.2020;KAUFLAND POLSKA MARKETY Sp. z o.o. Sp.k.;0;1
22.04.2020;Wspólnota Mieszkaniowa ul. Œliczna 7 - 7a;0;1
22.04.2020; Wspólnota Mieszkaniowa Al. Armii Krajowej 2 - 2a;0;1
22.04.2020;Wspólnota Mieszkaniowa ul. Piêkna 58, 58b, 58c;0;2
22.04.2020;WM UL.GERBEROWA 14,14A,16,18 WE WROC£AWIU;0;2
22.04.2020;Wspólnota Mieszkaniowa ul. Pawia 20;0;1
16.04.2020;KAUFLAND POLSKA MARKETY Sp. z o.o. Sp.k.;0;2
16.04.2020;KAUFLAND POLSKA MARKETY Sp. z o.o. Sp.k.;0;3
15.04.2020;Zespó³ Szkó³ Nr 18;0;7
15.04.2020;Zespó³ Szkó³ Gastronomicznych;0;1
14.04.2020;DS Smith Polska sp. z o.o.;0;1
08.04.2020;KORF ISOLMATIC SP. Z O.O.;0;1
06.04.2020;KAUFLAND POLSKA MARKETY Sp. z o.o. Sp.k.;0;1
03.04.2020;KAUFLAND POLSKA MARKETY Sp. z o.o. Sp.k.;0;1
03.04.2020;PENTAGON PIOTR WALUS;0;2
01.04.2020;Cargilll Poland Sp. z o.o. Oddzia³ w Bielanach Wr;0;6
01.04.2020;KAUFLAND POLSKA MARKETY Sp. z o.o. Sp.k.;0;1
01.04.2020;KAUFLAND POLSKA MARKETY Sp. z o.o. Sp.k.;0;1
23.03.2020;WTB INSTALACJE - Pawe³ Knysz;0;2
18.03.2020;KAUFLAND POLSKA MARKETY Sp. z o.o. Sp.k.;0;9
18.03.2020;KAUFLAND POLSKA MARKETY Sp. z o.o. Sp.k.;0;1
16.03.2020;Port Lotniczy Wroc³aw S.A.;0;3
05.03.2020;BFF INVESTMENTS POLSKA SP. z o.o.;0;1
05.03.2020;KAUFLAND POLSKA MARKETY Sp. z o.o. Sp.k.;0;1
05.03.2020;KAUFLAND POLSKA MARKETY Sp. z o.o. Sp.k.;0;1
27.02.2020;IPF SERVICE Sp. z o.o.;0;1
27.02.2020;KAUFLAND POLSKA MARKETY Sp. z o.o. Sp.k.;0;2
26.02.2020;Wspólnota Mieszkaniowa przy ul. Cha³upniczej 36-46;0;1
24.02.2020;Wspólnota Mieszkaniowa przy ul. Chorwackiej 33-35B;0;3
21.02.2020;KAUFLAND POLSKA MARKETY Sp. z o.o. Sp.k.;0;1
14.02.2020;KAUFLAND POLSKA MARKETY Sp. z o.o. Sp.k.;0;1
12.02.2020;S¥D REJONOWY DLA WROC£AWIA-FABRYCZNEJ;0;1
11.02.2020;Invest-Media I Sp. z o.o.;0;1
07.02.2020;KAUFLAND POLSKA MARKETY Sp. z o.o. Sp.k.;0;2
04.02.2020;WM „Rac³awicka 71-97”;0;2
04.02.2020;WM „Rac³awicka 71-97”;0;2
31.01.2020;KAUFLAND POLSKA MARKETY Sp. z o.o. Sp.k.;0;1
31.01.2020;WSPÓLNOTA MIESZKANIOWA UL.BIA£OWIESKA 3DC,3DD,;0;1
28.01.2020;LT PRECISION POLAND Sp. z o.o.;0;1
27.01.2020;Forum Zarz¹dzanie Nieruchomoœciami sp.j.;0;1
24.01.2020;E-GLAMOUR.PL Sp. z o.o.;0;1
23.01.2020;KAUFLAND POLSKA MARKETY Sp. z o.o. Sp.k.;0;1
23.01.2020;KAUFLAND POLSKA MARKETY Sp. z o.o. Sp.k.;0;1
23.01.2020;Forum Zarz¹dzanie nieruchomoœciami Sp. z o. o. ;0;1
23.01.2020;Wspólnota Mieszkaniowa Zefirowa 26 – 30;0;1
23.01.2020;"Wspólnota M ieszkaniowa ""Partynicka 18""";0;2
23.01.2020;Forum Zarz¹dzanie Nieruchomoœciami sp.j.;0;3
22.01.2020;"Wspólnota Mieszkaniowa ""MAESTRO I""";0;1
20.01.2020;KAUFLAND POLSKA MARKETY Sp. z o.o. Sp.k.;0;1
13.01.2020;WTB INSTALACJE - Pawe³ Knysz;0;1
13.01.2020;"Wspólnota Mieszkaniowa ""Przy S³owiañskim Wzgórzu"" ";0;3
11.01.2020;KAUFLAND POLSKA MARKETY Sp. z o.o. Sp.k.;0;1
11.01.2020;KAUFLAND POLSKA MARKETY Sp. z o.o. Sp.k.;0;1
09.01.2020;KAUFLAND POLSKA MARKETY Sp. z o.o. Sp.k.;0;1
31.12.2019;;0;63
27.12.2019;SYSTEMS ELECTRONIC JERZY LORKOWSKI;0;4
27.12.2019;WM STAB£OWICKA 77A, 79A, 87, 87A;0;1
20.12.2019;Szko³a Podstawowa Nr 73;0;4
18.12.2019;EMC INSTYTUT MEDYCZNY SA;0;4
17.12.2019;Cargilll Poland Sp. z o.o. Oddzia³ w Bielanach Wr;0;15
17.12.2019;Cargilll Poland Sp. z o.o. Oddzia³ w Bielanach Wr;0;2
16.12.2019;KAUFLAND POLSKA MARKETY Sp. z o.o. Sp.k.;0;1
06.12.2019;KAUFLAND POLSKA MARKETY Sp. z o.o. Sp.k.;0;2
04.12.2019;BFF INVESTMENTS POLSKA SP. z o.o.;0;3
03.12.2019;D+H Polska Sp. z o.o.;0;2
20.11.2019;EKODYNAMIC Sp. z o.o. Spó³ka Komandytowa;0;1
20.11.2019;Szko³a Podstawowa Nr 51;0;6
15.11.2019;KAUFLAND POLSKA MARKETY Sp. z o.o. Sp.k.;0;1
15.11.2019;KAUFLAND POLSKA MARKETY Sp. z o.o. Sp.k.;0;2
14.11.2019;"Baseny Miejskie ""Termy Jakuba"" Sp. z o.o.";0;1
14.11.2019;KAUFLAND POLSKA MARKETY Sp. z o.o. Sp.k.;0;2
14.11.2019;KAUFLAND POLSKA MARKETY Sp. z o.o. Sp.k.;0;1
14.11.2019;KAUFLAND POLSKA MARKETY Sp. z o.o. Sp.k.;0;1
13.11.2019;KAUFLAND POLSKA MARKETY Sp. z o.o. Sp.k.;0;10
08.11.2019;SYSTEMS ELECTRONIC JERZY LORKOWSKI;0;1
08.11.2019;KAUFLAND POLSKA MARKETY Sp. z o.o. Sp.k.;0;5
08.11.2019;Wspólnota Mieszkaniowa „ Mosiê¿na 3-21”;0;19
08.11.2019;HEESUNG PRECISION POLAND Sp. z o.o.;0;10
30.10.2019;Wspólnota Mieszkaniowa „ KOWARZYKA 9-17 „;0;1
30.10.2019;"Wspólnota Mieszkaniowa ""Obornicka 99""";0;1
22.10.2019;ATRIUM DOMINIKAÑSKA Sp. z o.o.;0;3
22.10.2019;ATRIUM DOMINIKAÑSKA Sp. z o.o.;0;2
22.10.2019;ATRIUM DOMINIKAÑSKA Sp. z o.o.;0;2
09.10.2019;CEVA LOGISTICS POLAND Sp. z o.o.;0;1
04.10.2019;KAUFLAND POLSKA MARKETY Sp. z o.o. Sp.k.;0;3
02.10.2019;KAUFLAND POLSKA MARKETY Sp. z o.o. Sp.k.;0;1
02.10.2019;KAUFLAND POLSKA MARKETY Sp. z o.o. Sp.k.;0;2
01.10.2019;REALMS DISTRIBUTION ;0;3
26.09.2019;KAUFLAND POLSKA MARKETY Sp. z o.o. Sp.k.;0;1
26.09.2019;KAUFLAND POLSKA MARKETY Sp. z o.o. Sp.k.;0;1
24.09.2019;Cargilll Poland Sp. z o.o. Oddzia³ w Bielanach Wr;0;1
16.09.2019;KAUFLAND POLSKA MARKETY Sp. z o.o. Sp.k.;0;1
12.09.2019;KAUFLAND POLSKA MARKETY Sp. z o.o. Sp.k.;0;2
09.09.2019;Wspólnota Mieszkaniowa ul. Piêkna 58, 58b, 58c;0;1
03.09.2019;ROBERT BURSZEWSKI;0;1
03.09.2019;ROBERT BURSZEWSKI;0;1
02.09.2019;JAFRA CONNECT Sp. z o.o.;0;1
02.09.2019;Centrum Kreatywnoœci TALENT;0;27
30.08.2019;KAUFLAND POLSKA MARKETY Sp. z o.o. Sp.k.;0;2
29.08.2019;KAUFLAND POLSKA MARKETY Sp. z o.o. Sp.k.;0;1
29.08.2019;KAUFLAND POLSKA MARKETY Sp. z o.o. Sp.k.;0;1
23.08.2019;CEDO Spólka z o.o.;0;1
19.08.2019;KAUFLAND POLSKA MARKETY Sp. z o.o. Sp.k.;0;2
19.08.2019;KAUFLAND POLSKA MARKETY Sp. z o.o. Sp.k.;0;1
19.08.2019;ROMA Roma Szymakowska;0;1
13.08.2019;HAST Dworak Andrzej;0;1
07.08.2019;KAUFLAND POLSKA MARKETY Sp. z o.o. Sp.k.;0;1
07.08.2019;BIELANY MEGAPOLIS Sp. z o.o. Sp.K.;0;1
07.08.2019;Wspólnota Mieszkaniowa Graniczna 1-13, Mieszczañsk;0;1
07.08.2019;KAUFLAND POLSKA MARKETY Sp. z o.o. Sp.k.;0;1
05.08.2019;KAUFLAND POLSKA MARKETY Sp. z o.o. Sp.k.;0;2
01.08.2019;Cargilll Poland Sp. z o.o. Oddzia³ w Bielanach Wr;0;16
31.07.2019;"Wspólnota Mieszkaniowa ""Braterska 7-27""";0;1
30.07.2019;I2 Development Sp. z o.o. Piêkna Sp.k.;0;3
29.07.2019;D+H Polska Sp. z o.o.;0;1
19.07.2019;"Wspólnota Mieszkaniowa ""Rezydencja Parkowa Bielany";0;1
17.07.2019;FIAB SPÓ£KA Z OGRANICZON¥ ODPOWIEDZIALNOŒCI¥ ;0;1
17.07.2019;PHU DOKAMA Sp. z o.o.;0;15
17.07.2019;Szko³a Podstawowa Nr 80 im. Tysi¹clecia Wroc³awia;0;1
15.07.2019;KAUFLAND POLSKA MARKETY Sp. z o.o. Sp.k.;0;1
05.07.2019;KAUFLAND POLSKA MARKETY Sp. z o.o. Sp.k.;0;3
04.07.2019;KAUFLAND POLSKA MARKETY Sp. z o.o. Sp.k.;0;1
04.07.2019;KAUFLAND POLSKA MARKETY Sp. z o.o. Sp.k.;0;4
03.07.2019;SYSTEMS ELECTRONIC JERZY LORKOWSKI;0;2
01.07.2019;KAUFLAND POLSKA MARKETY Sp. z o.o. Sp.k.;0;2
26.06.2019;WM PRZY UL. JANA PAW£A II 1,3,5,7 SIECHNICE;0;1
24.06.2019;WSPÓLNOTA MIESZKANIOWA MAESTRO III UL.SCHUBERTA 50;0;1
24.06.2019;WSPÓLNOTA MIESZKANIOWA MAESTRO IV;0;1
24.06.2019;MAESTRO 5, PRZY UL. SCHUBERTA 60-76;0;2
24.06.2019;TOPACZ INVESTMENTS Sp. z o.o.;0;1
14.06.2019;KAUFLAND POLSKA MARKETY Sp. z o.o. Sp.k.;0;1
14.06.2019;KAUFLAND POLSKA MARKETY Sp. z o.o. Sp.k.;0;1
14.06.2019;Wspólnota Mieszkaniowa PrzyjaŸñ;0;2
13.06.2019;Wspólnota Mieszkaniowa Brzeska 5-15;0;2
13.06.2019;Wspólnota Mieszkaniowa PrzyjaŸni 101-105A;0;5
11.06.2019;KAUFLAND POLSKA MARKETY Sp. z o.o. Sp.k.;0;1
11.06.2019;KAUFLAND POLSKA MARKETY Sp. z o.o. Sp.k.;0;1
04.06.2019;Forum Zarz¹dzanie Nieruchomoœciami sp.j.;0;1
31.05.2019;Zespó³ Szkó³ Nr 3 we Wroc³awiu;0;2
31.05.2019;Wspólnota Mieszkaniowa THE AVENUE;0;1
31.05.2019;Wspólnota Mieszkaniowa przy ul. Semaforowej 31-93 ;0;1
30.05.2019;KAUFLAND POLSKA MARKETY Sp. z o.o. Sp.k.;0;1
30.05.2019;"Wspólnota Mieszkaniowa ""Ró¿y Wiatrów""";0;1
30.05.2019;ZAK£AD METALIZACJI PRÓ¯NIOWEJ MAREK GRODZKI;908;0
28.05.2019;Szko³a Podstawowa Nr 109 im. Edwarda Dembowskiego;0;3
21.05.2019;Szko³a Podtstawowa nr 77 im. T.Ró¿ewicza;0;1
20.05.2019;Szko³a Podstawowa Im.Boles³awa Krzywoustego w Kami;0;2
20.05.2019;D+H Polska Sp. z o.o.;0;1
20.05.2019;VESTA ZARZ¥DZANIE NIERUCHOMOŒCIAMI ;0;2
17.05.2019;Superhobby Market Budowlany Sp. zoo;0;2
17.05.2019;KAUFLAND POLSKA MARKETY Sp. z o.o. Sp.k.;0;1
17.05.2019;KAUFLAND POLSKA MARKETY Sp. z o.o. Sp.k.;0;1
17.05.2019;KAUFLAND POLSKA MARKETY Sp. z o.o. Sp.k.;0;5
16.05.2019;Wspólnota Mieszkaniowa przy ul.Waloñskiej 7-13;0;2
16.05.2019;ADAR Adam Dudek;0;2
10.05.2019;KAUFLAND POLSKA MARKETY Sp. z o.o. Sp.k.;0;6
08.05.2019;KAUFLAND POLSKA MARKETY Sp. z o.o. Sp.k.;0;7
08.05.2019;KAUFLAND POLSKA MARKETY Sp. z o.o. Sp.k.;0;1
06.05.2019;IPF SERVICE Sp. z o.o.;0;6
26.04.2019;KAUFLAND POLSKA MARKETY Sp. z o.o. Sp.k.;0;2
26.04.2019;KAUFLAND POLSKA MARKETY Sp. z o.o. Sp.k.;0;1
16.04.2019;KAUFLAND POLSKA MARKETY Sp. z o.o. Sp.k.;0;3
16.04.2019;KAUFLAND POLSKA MARKETY Sp. z o.o. Sp.k.;0;1
15.04.2019;DOMEK Z SERCEM S.C. BRYGIDA NOWAK, VIOLETTA PAWLUS;0;1
15.04.2019;DOMEK Z SERCEM S.C. BRYGIDA NOWAK, VIOLETTA PAWLUS;0;2
15.04.2019;PENTAGON PIOTR WALUS;0;3
15.04.2019;"Przedsiêbiorstwo Budowlane ""MAXBUD"" ABJ Sp. z o.o.";0;2
15.04.2019;KAUFLAND POLSKA MARKETY Sp. z o.o. Sp.k.;0;2
15.04.2019;Zespó³ Szkó³ Nr 18;0;6
10.04.2019;KAUFLAND POLSKA MARKETY Sp. z o.o. Sp.k.;0;1
09.04.2019;D+H Polska Sp. z o.o.;0;2
08.04.2019;KAUFLAND POLSKA MARKETY Sp. z o.o. Sp.k.;0;12
08.04.2019;KAUFLAND POLSKA MARKETY Sp. z o.o. Sp.k.;0;2
05.04.2019;Fundacja PRZYJAZNY DOM im.Stanis³awa Jab³onki;0;2
04.04.2019;TOYA Development Sp. z o.o. Sp. k. w likwidacji;0;2
03.04.2019;"Przedsiêbiorstwo Budowlane ""MAXBUD"" ABJ Sp. z o.o.";0;1
01.04.2019;KAUFLAND POLSKA MARKETY Sp. z o.o. Sp.k.;0;2
20.03.2019;KAUFLAND POLSKA MARKETY Sp. z o.o. Sp.k.;0;11
20.03.2019;KAUFLAND POLSKA MARKETY Sp. z o.o. Sp.k.;0;1
15.03.2019;KAUFLAND POLSKA MARKETY Sp. z o.o. Sp.k.;0;2
15.03.2019;KAUFLAND POLSKA MARKETY Sp. z o.o. Sp.k.;0;1
15.03.2019;Cargilll Poland Sp. z o.o. Oddzia³ w Bielanach Wr;0;7
12.03.2019;KAUFLAND POLSKA MARKETY Sp. z o.o. Sp.k.;0;1
11.03.2019;Cargilll Poland Sp. z o.o. Oddzia³ w Bielanach Wr;0;3
07.03.2019;BFF INVESTMENTS POLSKA SP. z o.o.;0;1
06.03.2019;K.B. INVEST SPp. z o.o. Sp. K.;0;2
06.03.2019;KEA IBB Sp. z o.o. ;2;0
05.03.2019;KAUFLAND POLSKA MARKETY Sp. z o.o. Sp.k.;0;2
05.03.2019;KAUFLAND POLSKA MARKETY Sp. z o.o. Sp.k.;0;1
28.02.2019;KEA IBB Sp. z o.o. ;0;2
27.02.2019;KAUFLAND POLSKA MARKETY Sp. z o.o. Sp.k.;0;3
22.02.2019;SEKA S.A.;0;2
21.02.2019;D+H Polska Sp. z o.o.;0;1
18.02.2019;Sodexo Polska Sp. z o.o.;0;14
31.01.2019;KAUFLAND POLSKA MARKETY Sp. z o.o. Sp.k.;0;1
31.01.2019;KAUFLAND POLSKA MARKETY Sp. z o.o. Sp.k.;0;1
31.01.2019;KAUFLAND POLSKA MARKETY Sp. z o.o. Sp.k.;0;1
22.01.2019;DRAPA£A ZARZ¥DZANIE NIERUCHOMOŒCIAMI ;0;1
22.01.2019;WSPÓLNOTA MIESZKANIOWA PRZY UL.CHA£UPNICZEJ 55-65;0;1
22.01.2019;Gimnazjum Nr 13 im.Unii Europejskiej;0;10
16.01.2019;KAUFLAND POLSKA MARKETY Sp. z o.o. Sp.k.;0;1
11.01.2019;KAUFLAND POLSKA MARKETY Sp. z o.o. Sp.k.;0;2
11.01.2019;KAUFLAND POLSKA MARKETY Sp. z o.o. Sp.k.;0;3
11.01.2019;IPF SERVICE Sp. z o.o.;0;1
11.01.2019;IPF SERVICE Sp. z o.o.;0;1
11.01.2019;IPF SERVICE Sp. z o.o.;0;1
04.01.2019;;290;0
31.12.2018;WTB INSTALACJE - Pawe³ Knysz;0;7
20.12.2018;Szko³a Podstawowa Nr 73;0;2
20.12.2018;ABM alarm Jan Kalin;0;1
20.12.2018;ADMI Sp. z o.o.;0;1
20.12.2018;KAUFLAND POLSKA MARKETY Sp. z o.o. Sp.k.;0;10
18.12.2018;RTC Œwieradowska Sp. z o.o.;0;2
14.12.2018;KAUFLAND POLSKA MARKETY Sp. z o.o. Sp.k.;0;1
12.12.2018;Cargilll Poland Sp. z o.o. Oddzia³ w Bielanach Wr;0;8
07.12.2018;DEVCO Sp. z o.o.;0;1
07.12.2018;Wspólnota Mieszkaniowa przy ul. Antoniego Wiwulski;0;1
07.12.2018;"Wspólnota Mieszkaniowa ""¯wirki i Wigury""";0;1
07.12.2018;KAUFLAND POLSKA MARKETY Sp. z o.o. Sp.k.;0;1
29.11.2018;Zespó³ Szkó³ Nr 18;0;3
29.11.2018;KAUFLAND POLSKA MARKETY Sp. z o.o. Sp.k.;0;1
29.11.2018;WSPÓLNOTA MIESZKANIOWA UL.RYBACKA  38-40 W O£AWIE;0;2
27.11.2018;KAUFLAND POLSKA MARKETY Sp. z o.o. Sp.k.;0;1
27.11.2018;Wspólnota Mieszkaniowa ul. Krzycka 83,83a,83b,83c,;0;1
16.11.2018;KAUFLAND POLSKA MARKETY Sp. z o.o. Sp.k.;0;1
15.11.2018;KAUFLAND POLSKA MARKETY Sp. z o.o. Sp.k.;0;3
15.11.2018;KAUFLAND POLSKA MARKETY Sp. z o.o. Sp.k.;0;1
14.11.2018;Szko³a Podstawowa Nr 51;0;5
07.11.2018;Zespó³ Elekrociep³owni Wroc³awskich KOGENERACJA S.;0;30
07.11.2018;Wspólnota Lokalowo-Mieszkaniowa Rynek 60 Wroc³aw;0;1
31.10.2018;"Wspólnota Mieszkaniowa ""Zielona Przystañ""";0;1
31.10.2018;Wspólnota Mieszkaniowa przy ul. Zatorskiej 106-126;0;2
31.10.2018;Wspólnota Mieszkaniowa ul.Zatorska 92-104;0;2
31.10.2018;Wspólnota Mieszkaniowa „ Mosiê¿na 3-21”;0;16
31.10.2018;Wspólnota Mieszkaniowa „ JUTRZENKI 19-19A-19B”;0;2
30.10.2018;WSPÓLNOTA MIESZKANIOWA „DO¯YNKOWA 15-19”;0;1
30.10.2018;Wspólnota Mieszkaniowa „ KOWARZYKA 9-17 „;0;4
29.10.2018;ATRIUM DOMINIKAÑSKA Sp. z o.o.;0;6
29.10.2018;"Wspólnota Mieszkaniowa ""Partynicka 36-50""";0;1
25.10.2018;KAUFLAND POLSKA MARKETY Sp. z o.o. Sp.k.;0;1
25.10.2018;KAUFLAND POLSKA MARKETY Sp. z o.o. Sp.k.;0;1
16.10.2018;Szko³a Podstawowa nr 1 im. Miko³aja Kopernika;0;3
16.10.2018;EKOPOLMAL Jolanta Koleœniczenko;0;1
09.10.2018;Match Point M.W.Matyja Sp. j.;0;2
05.10.2018;AUTO-SAM Witold Warulik;0;1
03.10.2018;KAUFLAND POLSKA MARKETY Sp. z o.o. Sp.k.;0;1
03.10.2018;KAUFLAND POLSKA MARKETY Sp. z o.o. Sp.k.;0;2
03.10.2018;KAUFLAND POLSKA MARKETY Sp. z o.o. Sp.k.;0;1
26.09.2018;KAUFLAND POLSKA MARKETY Sp. z o.o. Sp.k.;0;1
26.09.2018;First PFM Sp. z o.o.;0;1
22.09.2018;WM UL. RYBNICKA 18-18N WE WROC£AWIU;0;2
20.09.2018;D+H Polska Sp. z o.o.;0;5
20.09.2018;DS Smith Polska sp. z o.o.;0;1
20.09.2018;Apleona HSG Sp. z o.o.;0;4
18.09.2018;SCHENKER Sp. z o.o. w Warszawie Oddzia³ Wroc³aw;0;10
13.09.2018;Zespó³ Szkó³ Teleinformacyjnych i Elektronicznych;0;1
12.09.2018;Cargilll Poland Sp. z o.o. Oddzia³ w Bielanach Wr;0;1
12.09.2018;Cargilll Poland Sp. z o.o. Oddzia³ w Bielanach Wr;0;17
10.09.2018;ENGIE SERVICES Sp. z o.o.;0;10
10.09.2018;Wspólnota Mieszkaniowa ul. Dmowskiego 19 a,b,c,d;0;4
06.09.2018;KAUFLAND POLSKA MARKETY Sp. z o.o. Sp.k.;0;1
06.09.2018;KAUFLAND POLSKA MARKETY Sp. z o.o. Sp.k.;0;1
31.08.2018;KAUFLAND POLSKA MARKETY Sp. z o.o. Sp.k.;0;1
28.08.2018;KAUFLAND POLSKA MARKETY Sp. z o.o. Sp.k.;0;2
28.08.2018;KAUFLAND POLSKA MARKETY Sp. z o.o. Sp.k.;0;2
22.08.2018;"Wspólnota Mieszkaniowa ,,PARKOWE Z£OTNIKI""";0;3
20.08.2018;Szko³a Podstawowa Nr 83 im. Jana Kasprowicza;0;2
17.08.2018;KAUFLAND POLSKA MARKETY Sp. z o.o. Sp.k.;0;1
17.08.2018;KAUFLAND POLSKA MARKETY Sp. z o.o. Sp.k.;0;2
10.08.2018;Wspólnota Mieszkaniowa Graniczna 1-13, Mieszczañsk;0;1
10.08.2018;KAUFLAND POLSKA MARKETY Sp. z o.o. Sp.k.;0;2
07.08.2018;KAUFLAND POLSKA MARKETY Sp. z o.o. Sp.k.;0;2
24.07.2018;WSPÓLNOTA MIESZKANIOWA LA BOHEME  UL. POBO¯NEGO 11;0;1
20.07.2018;Cargilll Poland Sp. z o.o. Oddzia³ w Bielanach Wr;0;3
13.07.2018;CEDO Spólka z o.o.;0;1
09.07.2018;Zinel Facility Management Sp. z o.o.;0;20
09.07.2018;KAUFLAND POLSKA MARKETY Sp. z o.o. Sp.k.;0;2
09.07.2018;KAUFLAND POLSKA MARKETY Sp. z o.o. Sp.k.;0;2
03.07.2018;KAUFLAND POLSKA MARKETY Sp. z o.o. Sp.k.;0;1
29.06.2018;Wspólnota Mieszkaniowa „Zwyciêska IV” ul. Zwyciêsk;0;1
21.06.2018;D+H Polska Sp. z o.o.;0;1
20.06.2018;FAM SA;0;1
15.06.2018;KAUFLAND POLSKA MARKETY Sp. z o.o. Sp.k.;0;1
13.06.2018;Wspólnota Mieszkaniowa ul. Pochy³a 7, Têczowa 68;0;2
12.06.2018;"Przedszkole nr 1 ""Planeta Uœmiechu"" ";0;1
07.06.2018;KAUFLAND POLSKA MARKETY Sp. z o.o. Sp.k.;0;1
07.06.2018;KAUFLAND POLSKA MARKETY Sp. z o.o. Sp.k.;0;1
04.06.2018;WM PRZY UL. JANA PAW£A II 1,3,5,7 SIECHNICE;0;4
30.05.2018;KAUFLAND POLSKA MARKETY Sp. z o.o. Sp.k.;0;5
30.05.2018;KAUFLAND POLSKA MARKETY Sp. z o.o. Sp.k.;0;10
30.05.2018;KAUFLAND POLSKA MARKETY Sp. z o.o. Sp.k.;0;1
29.05.2018;KORF ISOLMATIC SP. Z O.O.;0;1
29.05.2018;KAUFLAND POLSKA MARKETY Sp. z o.o. Sp.k.;0;10
29.05.2018;Wspólnota Mieszkaniowa ul.Bierutowska 13-15;0;1
25.05.2018;"Wspólnota Mieszkaniowa ""Odra House""";0;1
25.05.2018;Wspólnota Mieszkaniowa ul. Jagie³³y 3,5;0;1
23.05.2018;Wspólnota Mieszkaniowa przy ul. Pawiej 20;0;1
17.05.2018;KAUFLAND POLSKA MARKETY Sp. z o.o. Sp.k.;0;7
17.05.2018;Superhobby Market Budowlany Sp. zoo;0;4
15.05.2018;Wspólnota Mieszkaniowa przy ul. Semaforowej 31-93 ;0;1
09.05.2018;Szko³a Podstawowa nr 77 im. Tadeusza Ró¿ewicza;0;1
09.05.2018;Sportowa Szko³a Podstawowa Nr 72;0;1
08.05.2018;KAUFLAND POLSKA MARKETY Sp. z o.o. Sp.k.;0;1
08.05.2018;KAUFLAND POLSKA MARKETY Sp. z o.o. Sp.k.;0;1
26.04.2018;Piotr Walus;0;1
26.04.2018;KAUFLAND POLSKA MARKETY Sp. z o.o. Sp.k.;0;1
26.04.2018;KAUFLAND POLSKA MARKETY Sp. z o.o. Sp.k.;0;1
25.04.2018;Zespó³ Szkó³ Nr 18;0;7
24.04.2018;IPF SERVICE Sp. zo.o.;0;1
20.04.2018;KAUFLAND POLSKA MARKETY Sp. z o.o. Sp.k.;0;1
18.04.2018;IPF SERVICE Sp. zo.o.;0;1
18.04.2018;KAUFLAND POLSKA MARKETY Sp. z o.o. Sp.k.;0;1
18.04.2018;KAUFLAND POLSKA MARKETY Sp. z o.o. Sp.k.;0;1
12.04.2018;KAUFLAND POLSKA MARKETY Sp. z o.o. Sp.k.;0;1
12.04.2018;KAUFLAND POLSKA MARKETY Sp. z o.o. Sp.k.;0;1
11.04.2018;KAUFLAND POLSKA MARKETY Sp. z o.o. Sp.k.;0;1
10.04.2018;KAUFLAND POLSKA MARKETY Sp. z o.o. Sp.k.;0;5
10.04.2018;KAUFLAND POLSKA MARKETY Sp. z o.o. Sp.k.;0;1
10.04.2018;BFF INVESTMENTS POLSKA SP. z o.o.;0;3
10.04.2018;Cargilll Poland Sp. z o.o. Oddzia³ w Bielanach Wr;0;23
10.04.2018;Dolnoœl¹ski Specjalny Oœrodek Szkolno-Wychowawczy ;0;1
05.04.2018;KAUFLAND POLSKA MARKETY Sp. z o.o. Sp.k.;0;1
28.03.2018;KAUFLAND POLSKA MARKETY Sp. z o.o. Sp.k.;0;2
23.03.2018;KAUFLAND POLSKA MARKETY Sp. z o.o. Sp.k.;0;11
23.03.2018;KAUFLAND POLSKA MARKETY Sp. z o.o. Sp.k.;0;1
19.03.2018;Zespó³ Szkó³ Gastronomicznych;0;2
15.03.2018;KAUFLAND POLSKA MARKETY Sp. z o.o. Sp.k.;0;1
12.03.2018;KAUFLAND POLSKA MARKETY Sp. z o.o. Sp.k.;0;1
12.03.2018;KAUFLAND POLSKA MARKETY Sp. z o.o. Sp.k.;0;1
07.03.2018;KAUFLAND POLSKA MARKETY Sp. z o.o. Sp.k.;0;1
02.03.2018;KAUFLAND POLSKA MARKETY Sp. z o.o. Sp.k.;0;1
27.02.2018;KAUFLAND POLSKA MARKETY Sp. z o.o. Sp.k.;0;1
27.02.2018;KAUFLAND POLSKA MARKETY Sp. z o.o. Sp.k.;0;1
22.02.2018;Leszczyñski Center S.C.;0;1
15.02.2018;KAUFLAND POLSKA MARKETY Sp. z o.o. Sp.k.;0;1
06.02.2018;Gimnazjum Nr 13 im.Unii Europejskiej;0;1
06.02.2018;D+H Polska Sp. z o.o.;0;1
05.02.2018;PHU DOKAMA Sp. z o.o.;0;1
29.01.2018;WSPÓLNOTA MIESZKANIOWA PRZY UL.CHA£UPNICZEJ 55-65;0;2
19.01.2018;"P.H.U. ""MARBUD"" Mariusz Grzywaczewski";0;10
17.01.2018;KAUFLAND POLSKA MARKETY Sp. z o.o. Sp.k.;0;1
17.01.2018;KAUFLAND POLSKA MARKETY Sp. z o.o. Sp.k.;0;1
15.01.2018;KAUFLAND POLSKA MARKETY Sp. z o.o. Sp.k.;0;1
15.01.2018;KAUFLAND POLSKA MARKETY Sp. z o.o. Sp.k.;0;3
11.01.2018;HEESUNG PRECISION POLAND Sp. z o.o.;0;10
11.01.2018;KAUFLAND POLSKA MARKETY Sp. z o.o. Sp.k.;0;2
11.01.2018;KAUFLAND POLSKA MARKETY Sp. z o.o. Sp.k.;0;1
31.12.2017;;54;0
29.12.2017;Cargilll Poland Sp. z o.o. Oddzia³ w Bielanach Wr;0;15
22.12.2017;KAUFLAND POLSKA MARKETY Sp. z o.o. Sp.k.;0;1
19.12.2017;VITA SPÓ£KA Z OGRANICZON¥ ODPOWIEDZIALNOŒCI¥;0;2
15.12.2017;KALIZEA Polska Sp. z o.o.;0;1
15.12.2017;Zespó³ Elekrociep³owni Wroc³awskich KOGENERACJA S.;0;1
15.12.2017;WSPÓLNOTA MIESZKANIOWA BABIEGO LATA 9-15B ;0;2
06.12.2017;CS NATURA TOUR Sp. z o.o. ;0;1
04.12.2017;Szko³a Podstawowa Nr 73;0;5
30.11.2017;WSPÓLNOTA MIESZKANIOWA UL.RYBACKA  38-40 W O£AWIE;0;1
29.11.2017;"Wspólnota Mieszkaniowa ""PrzyjaŸni 36-38""";0;2
29.11.2017;"OŒRODEK KSZTA£CENIA I DOSKONALENIA ZAWODOWEGO ""EDU";0;1
27.11.2017;WSPÓLNOTA MIESZKANIOWA  JARACZA 37F, H,J,K,M,N ;0;2
16.11.2017;KAUFLAND POLSKA MARKETY Sp. z o.o. Sp.k.;0;10
16.11.2017;KAUFLAND POLSKA MARKETY Sp. z o.o. Sp.k.;0;1
16.11.2017;KAUFLAND POLSKA MARKETY Sp. z o.o. Sp.k.;0;1
14.11.2017;ATRIUM POLAND 1 Sp. zo.o. Dominikañska 2 S.K.;0;4
13.11.2017;Cargilll Poland Sp. z o.o. Oddzia³ w Bielanach Wr;0;18
10.11.2017;Szko³a Podstawowa nr 1 im. Miko³aja Kopernika;0;1
10.11.2017;KAUFLAND POLSKA MARKETY Sp. z o.o. Sp.k.;0;20
06.11.2017;KAUFLAND POLSKA MARKETY Sp. z o.o. Sp.k.;0;3
06.11.2017;ROBERT BURSZEWSKI;0;4
31.10.2017;Barbara Piasecka Keys;0;1
30.10.2017;WSPÓLNOTA MIESZKANIOWA „ JUTRZENKI 58-62 „;0;2
30.10.2017;KAUFLAND POLSKA MARKETY Sp. z o.o. Sp.k.;0;2
30.10.2017;KAUFLAND POLSKA MARKETY Sp. z o.o. Sp.k.;0;1
26.10.2017;D+H Polska Sp. z o.o.;0;4
24.10.2017;Wspólnota Mieszkaniowa przy ul. Zatorskiej 106-126;0;2
24.10.2017;Wspólnota Mieszkaniowa ul.Zatorska 92-104;0;2
17.10.2017;Wspólnota Mieszkaniowa „ Mosiê¿na 3-21”;0;22
17.10.2017;Szko³a Podstawowa Nr 1 im. Kardyna³a Boles³awa Kom;0;5
10.10.2017;"Wspólnota Mieszkaniowa ""Roœlinna""";0;1
10.10.2017;"Wspólnota Mieszkaniowa ""¯wirki i Wigury""";0;4
10.10.2017;KAUFLAND POLSKA MARKETY Sp. z o.o. Sp.k.;0;1
10.10.2017;KAUFLAND POLSKA MARKETY Sp. z o.o. Sp.k.;0;4
10.10.2017;"Wspólnota Mieszkaniowa ""Partynicka 36-50""";0;1
09.10.2017;KAUFLAND POLSKA MARKETY Sp. z o.o. Sp.k.;0;3
05.10.2017;KAUFLAND POLSKA MARKETY Sp. z o.o. Sp.k.;0;2
05.10.2017;KAUFLAND POLSKA MARKETY Sp. z o.o. Sp.k.;0;1
05.10.2017;"Wspólnota Mieszkaniowa Impressio I"" ";0;1
05.10.2017;Zespó³ Szkó³ Nr 18;0;7
02.10.2017;PRO-KLIMA Sp. z o.o.;0;2
27.09.2017;Przedsiêbiorstwo Budowlane SAWREM sp.c Danuta Sawi;0;1
21.09.2017;ZAK£AD METALIZACJI PRÓ¯NIOWEJ MAREK GRODZKI;520;0
18.09.2017;Wspólnota Mieszkaniowa „Osiedle Chabrowe 79-97”;0;1
12.09.2017;KAUFLAND POLSKA MARKETY Sp. z o.o. Sp.k.;0;1
12.09.2017;KAUFLAND POLSKA MARKETY Sp. z o.o. Sp.k.;0;4
08.09.2017;KAUFLAND POLSKA MARKETY Sp. z o.o. Sp.k.;0;1
08.09.2017;KAUFLAND POLSKA MARKETY Sp. z o.o. Sp.k.;0;1
01.09.2017;;30;0
01.09.2017;KAUFLAND POLSKA MARKETY Sp. z o.o. Sp.k.;0;1
31.08.2017;KAUFLAND POLSKA MARKETY Sp. z o.o. Sp.k.;0;2
31.08.2017;KAUFLAND POLSKA MARKETY Sp. z o.o. Sp.k.;0;1
31.08.2017;KAUFLAND POLSKA MARKETY Sp. z o.o. Sp.k.;0;1
31.08.2017;SEKA S.A.;0;4
31.08.2017;SEKA S.A.;0;1
24.08.2017;D+H Polska Sp. z o.o.;0;2
24.08.2017;BIELANY MEGAPOLIS Sp. z o.o. Sp.K.;0;1
21.08.2017;KAUFLAND POLSKA MARKETY Sp. z o.o. Sp.k.;0;2
21.08.2017;Cargilll Poland Sp. z o.o. Oddzia³ w Bielanach Wr;0;7
18.08.2017;SEKA S.A.;0;10
16.08.2017;KAUFLAND POLSKA MARKETY Sp. z o.o. Sp.k.;0;2
16.08.2017;D+H Polska Sp. z o.o.;0;1
16.08.2017;"OŒRODEK KSZTA£CENIA I DOSKONALENIA ZAWODOWEGO ""EDU";0;2
10.08.2017;SPO£EM PSS PO£UDNIE we Wroc³awiu;0;1
10.08.2017;KAUFLAND POLSKA MARKETY Sp. z o.o. Sp.k.;0;1
10.08.2017;KAUFLAND POLSKA MARKETY Sp. z o.o. Sp.k.;0;1
01.08.2017;;40;0
10.07.2017;KAUFLAND POLSKA MARKETY Sp. z o.o. Sp.k.;0;1
10.07.2017;KAUFLAND POLSKA MARKETY Sp. z o.o. Sp.k.;0;1
05.07.2017;KAUFLAND POLSKA MARKETY Sp. z o.o. Sp.k.;0;2
05.07.2017;KAUFLAND POLSKA MARKETY Sp. z o.o. Sp.k.;0;3
03.07.2017;DS Smith Polska sp. z o.o.;0;1
29.06.2017;MARBUD Beata G³ogowska;0;1
28.06.2017;A.S. CONSULTING Aleksandra Soko³owska-Stasiñska;0;1
28.06.2017;DEVCO Sp. z o.o.;0;1
27.06.2017;KAUFLAND POLSKA MARKETY Sp. z o.o. Sp.k.;0;5
26.06.2017;SEKA S.A.;0;4
26.06.2017;SEKA S.A.;0;1
22.06.2017;Cargilll Poland Sp. z o.o. Oddzia³ w Bielanach Wr;0;1
21.06.2017;Piotr Walus;0;1
21.06.2017;Piotr Walus;0;7
20.06.2017;KAUFLAND POLSKA MARKETY Sp. z o.o. Sp.k.;0;1
19.06.2017;TOPACZ INVESTMENTS Sp. z o.o.;0;1
16.06.2017;KAUFLAND POLSKA MARKETY Sp. z o.o. Sp.k.;0;1
16.06.2017;DONG YANG Electronics Sp. z o.o.;0;1
09.06.2017;"Przedszkole nr 1 ""Planeta Uœmiechu"" ";0;1
31.05.2017;Wspólnota Mieszkaniowa ROYAL APARTAMENTS;0;1
29.05.2017;Wspólnota Mieszkaniowa Graniczna 1-13, Mieszczañsk;0;2
29.05.2017;Zespó³ Szkó³ Nr 3 we Wroc³awiu;0;7
25.05.2017;Wspólnota Mieszkaniowa PRZY ARSENALE;0;3
25.05.2017;Gimnazjum Nr 21 im. T.Ró¿ewicza;0;1
23.05.2017;Sportowa Szko³a Podstawowa Nr 72;0;2
23.05.2017;Wspólnota Mieszkaniowa ul. RzeŸbiarska 5-13;0;1
23.05.2017;SEKA S.A.;0;8
23.05.2017;Wspólnota Mieszkaniowa ul. £ubinowa 3b-3g;0;1
23.05.2017;Wspólnota Mieszkaniowa ul. Motylkowa 2-2B/£ubinowa;1;0
19.05.2017;Wojskowe Towarzystwo Budownictwa Spo³ecznego ;0;4
18.05.2017;Wspólnota Mieszkaniowa REZYDENCJA DUBOIS;0;1
18.05.2017;SEKA S.A.;0;5
18.05.2017;Zespó³ Elekrociep³owni Wroc³awskich KOGENERACJA S.;0;10
18.05.2017;Superhobby Market Budowlany Sp. zoo;0;2
15.05.2017;KAUFLAND POLSKA MARKETY Sp. z o.o. Sp.k.;0;3
12.05.2017;KAUFLAND POLSKA MARKETY Sp. z o.o. Sp.k.;0;1
12.05.2017;ADAR Adam Dudek;0;3
11.05.2017;"Wspólnota Mieszkaniowa ""Ró¿y Wiatrów""";0;2
11.05.2017;Wspólnota Mieszkaniowa ul. PrzyjaŸni 6;0;2
09.05.2017;KAUFLAND POLSKA MARKETY Sp. z o.o. Sp.k.;0;1
05.05.2017;KAUFLAND POLSKA MARKETY Sp. z o.o. Sp.k.;0;1
04.05.2017;KAUFLAND POLSKA MARKETY Sp. z o.o. Sp.k.;0;1
27.04.2017;Wspólnota Mieszkaniowa ul. Motylkowa 2-2B/£ubinowa;0;1
19.04.2017;Zespó³ Elekrociep³owni Wroc³awskich KOGENERACJA S.;0;1
13.04.2017;Zespó³ Szkó³ Nr 18;0;7
12.04.2017;KAUFLAND POLSKA MARKETY Sp. z o.o. Sp.k.;0;2
12.04.2017;KAUFLAND POLSKA MARKETY Sp. z o.o. Sp.k.;0;2
12.04.2017;KAUFLAND POLSKA MARKETY Sp. z o.o. Sp.k.;0;1
11.04.2017;Port Lotniczy Wroc³aw S.A.;0;1
07.04.2017;KAUFLAND POLSKA MARKETY Sp. z o.o. Sp.k.;0;2
06.04.2017;PHU DOKAMA Sp. z o.o.;0;2
04.04.2017;KAUFLAND POLSKA MARKETY Sp. z o.o. Sp.k.;0;1
03.04.2017;KAUFLAND POLSKA MARKETY Sp. z o.o. Sp.k.;0;1
20.03.2017;KAUFLAND POLSKA MARKETY Sp. z o.o. Sp.k.;0;2
20.03.2017;KAUFLAND POLSKA MARKETY Sp. z o.o. Sp.k.;0;9
16.03.2017;D+H Polska Sp. z o.o.;0;1
16.03.2017;KAUFLAND POLSKA MARKETY Sp. z o.o. Sp.k.;0;5
10.03.2017;KAUFLAND POLSKA MARKETY Sp. z o.o. Sp.k.;0;2
10.03.2017;KAUFLAND POLSKA MARKETY Sp. z o.o. Sp.k.;0;1
10.03.2017;KAUFLAND POLSKA MARKETY Sp. z o.o. Sp.k.;0;1
10.03.2017;D+H Polska Sp. z o.o.;0;1
08.03.2017;KAUFLAND POLSKA MARKETY Sp. z o.o. Sp.k.;0;1
03.03.2017;KAUFLAND POLSKA MARKETY Sp. z o.o. Sp.k.;0;1
01.03.2017;KAUFLAND POLSKA MARKETY Sp. z o.o. Sp.k.;0;1
28.02.2017;D+H Polska Sp. z o.o.;0;1
27.02.2017;KAUFLAND POLSKA MARKETY Sp. z o.o. Sp.k.;0;5
27.02.2017;Cargilll Poland Sp. z o.o. Oddzia³ w Bielanach Wr;0;2
22.02.2017;POMPAX Sp. z o.o.;0;3
22.02.2017;KAUFLAND POLSKA MARKETY Sp. z o.o. Sp.k.;0;20
22.02.2017;KAUFLAND POLSKA MARKETY Sp. z o.o. Sp.k.;0;10
22.02.2017;KAUFLAND POLSKA MARKETY Sp. z o.o. Sp.k.;0;3
15.02.2017;KAUFLAND POLSKA MARKETY Sp. z o.o. Sp.k.;0;1
15.02.2017;KAUFLAND POLSKA MARKETY Sp. z o.o. Sp.k.;0;8
15.02.2017;Bilfinger HSG Facility Management Sp. z o.o.  ;0;1
15.02.2017;CS NATURA TOUR Sp. z o.o. ;0;3
07.02.2017;Leszczyñski Center S.C.;0;1
07.02.2017;KAUFLAND POLSKA MARKETY Sp. z o.o. Sp.k.;0;1
31.01.2017;KAUFLAND POLSKA MARKETY Sp. z o.o. Sp.k.;0;1
31.01.2017;Cargilll Poland Sp. z o.o. Oddzia³ w Bielanach Wr;0;3
30.01.2017;WSPÓLNOTA MIESZKANIOWA PRZY UL.CHA£UPNICZEJ 55-65;0;4
30.01.2017;DRAPA£A ZARZ¥DZANIE NIERUCHOMOŒCIAMI ;0;1
30.01.2017;DRAPA£A ZARZ¥DZANIE NIERUCHOMOŒCIAMI ;0;1
19.01.2017;DEVCO Sp. z o.o.;0;1
16.01.2017;KAUFLAND POLSKA MARKETY Sp. z o.o. Sp.k.;0;1
16.01.2017;KAUFLAND POLSKA MARKETY Sp. z o.o. Sp.k.;0;2
16.01.2017;KAUFLAND POLSKA MARKETY Sp. z o.o. Sp.k.;0;1
12.01.2017;KAUFLAND POLSKA MARKETY Sp. z o.o. Sp.k.;0;5
09.01.2017;KAUFLAND POLSKA MARKETY Sp. z o.o. Sp.k.;0;5
31.12.2016;;19;0
16.12.2016;WSPÓLNOTA MIESZKANIOWA BABIEGO LATA 9-15B ;0;1
12.12.2016;Zespó³ Elekrociep³owni Wroc³awskich KOGENERACJA S.;0;23
09.12.2016;"Przedsiêbiorstwo Budowlano-Instalacyjne ""OBIEG"" ";0;1
08.12.2016;KAUFLAND POLSKA MARKETY Sp. z o.o. Sp.k.;0;11
02.12.2016;KAUFLAND POLSKA MARKETY Sp. z o.o. Sp.k.;0;1
02.12.2016;KAUFLAND POLSKA MARKETY Sp. z o.o. Sp.k.;0;3
02.12.2016;KAUFLAND POLSKA MARKETY Sp. z o.o. Sp.k.;0;2
02.12.2016;Zespó³ Elekrociep³owni Wroc³awskich KOGENERACJA S.;0;5
24.11.2016;Szko³a Podstawowa Nr 83 im. Jana Kasprowicza;0;1
23.11.2016;SAVI Sp. z o.o.;0;1
22.11.2016;KAUFLAND POLSKA MARKETY Sp. z o.o. Sp.k.;0;10
16.11.2016;AUTO-SAM Witold Warulik;0;3
16.11.2016;KAUFLAND POLSKA MARKETY Sp. z o.o. Sp.k.;0;2
15.11.2016;KAUFLAND POLSKA MARKETY Sp. z o.o. Sp.k.;0;1
14.11.2016;KEA Sp. Jawna Irena i Bogdan Baszak;0;2
09.11.2016;KAUFLAND POLSKA MARKETY Sp. z o.o. Sp.k.;0;1
31.10.2016;EMC INSTYTUT MEDYCZNY SA;0;1
31.10.2016;Zak³ad Budownictwa Ogólnego i Handlu Hieronim;0;1
21.10.2016;Jacek £ozowski;0;1
14.10.2016;Poradnia Psychologiczno-Pedagogiczna Nr 9;0;1
14.10.2016;KAUFLAND POLSKA MARKETY Sp. z o.o. Sp.k.;0;1
13.10.2016;Zespó³ Elekrociep³owni Wroc³awskich KOGENERACJA S.;0;10
11.10.2016;Cargilll Poland Sp. z o.o. Oddzia³ w Bielanach Wr;0;12
06.10.2016;KAUFLAND POLSKA MARKETY Sp. z o.o. Sp.k.;0;1
03.10.2016;KAUFLAND POLSKA MARKETY Sp. z o.o. Sp.k.;0;1
30.09.2016;KAUFLAND POLSKA MARKETY Sp. z o.o. Sp.k.;0;10
30.09.2016;KAUFLAND POLSKA MARKETY Sp. z o.o. Sp.k.;0;1
30.09.2016;KAUFLAND POLSKA MARKETY Sp. z o.o. Sp.k.;0;1
30.09.2016;KAUFLAND POLSKA MARKETY Sp. z o.o. Sp.k.;0;7
23.09.2016;POMPAX Sp. z o.o.;0;1
22.09.2016;Wspólnota Mieszkaniowa przy ul. Zatorskiej 106-126;0;3
22.09.2016;Wspólnota Mieszkaniowa ul.Zatorska 92-104;0;3
13.09.2016;KAUFLAND POLSKA MARKETY Sp. z o.o. Sp.k.;0;1
06.09.2016;KAUFLAND POLSKA MARKETY Sp. z o.o. Sp.k.;0;1
05.09.2016;Zespó³ Elekrociep³owni Wroc³awskich KOGENERACJA S.;0;1
31.08.2016;Wspólnota Mieszkaniowa ul. Krzycka 83,83a,83b,83c,;0;3
22.08.2016;KAUFLAND POLSKA MARKETY Sp. z o.o. Sp.k.;0;2
16.08.2016;Szko³a Podstawowa;0;1
16.08.2016;Szko³a Podstawowa Nr 80 im. Tysi¹clecia Wroc³awia;0;1
16.08.2016;ALTOM Alicja Namys³owska Konowrocka sp.j.;0;1
16.08.2016;KAUFLAND POLSKA MARKETY Sp. z o.o. Sp.k.;0;4
11.08.2016;KAUFLAND POLSKA MARKETY Sp. z o.o. Sp.k.;0;1
02.08.2016;Wspólnota Mieszkaniowa Osiedle Grafitowe;0;1
27.07.2016;Cargilll Poland Sp. z o.o. Oddzia³ w Bielanach Wr;0;5
26.07.2016;Wspólnota Mieszkaniowa Samborska 28,30 Rakietowa 4;0;1
25.07.2016;CEDO Spólka z o.o.;0;7
23.07.2016;"Wspólnota Mieszkaniowa ""Poleska 43-47B""";0;1
19.07.2016;KAUFLAND POLSKA MARKETY Sp. z o.o. Sp.k.;0;1
19.07.2016;KAUFLAND POLSKA MARKETY Sp. z o.o. Sp.k.;0;2
19.07.2016;KAUFLAND POLSKA MARKETY Sp. z o.o. Sp.k.;0;1
08.07.2016;KAUFLAND POLSKA MARKETY Sp. z o.o. Sp.k.;0;1
08.07.2016;KAUFLAND POLSKA MARKETY Sp. z o.o. Sp.k.;0;10
06.07.2016;WOO TO GO JÊDRASIAK BARTOSZ;0;1
06.07.2016;KAUFLAND POLSKA MARKETY Sp. z o.o. Sp.k.;0;2
01.07.2016;GMINNE CENTRUM KULTURY W ¯ÓRAWINIE;0;1
21.06.2016;TOPACZ INVESTMENT Sp. z o.o.;0;1
21.06.2016;Zespó³ Szkolno-Przedszkolny Nr 12;0;11
21.06.2016;Zespó³ Szkó³ Nr 18;0;6
20.06.2016;KAUFLAND POLSKA MARKETY Sp. z o.o. Sp.k.;0;2
20.06.2016;KAUFLAND POLSKA MARKETY Sp. z o.o. Sp.k.;0;1
17.06.2016;ULTRANET Sp. z o.o.;0;2
08.06.2016;KAUFLAND POLSKA MARKETY Sp. z o.o. Sp.k.;0;1
08.06.2016;Wspólnota Mieszkaniowa;0;6
03.06.2016;KAUFLAND POLSKA MARKETY Sp. z o.o. Sp.k.;0;2
03.06.2016;KAUFLAND POLSKA MARKETY Sp. z o.o. Sp.k.;0;1
02.06.2016;Wspólnota Mieszkaniowa Zodiak II;0;1
02.06.2016;Wspólnota Mieszkaniowa Osiedle Grafitowe;0;4
31.05.2016;Wspólnota Mieszkaniowa REZYDENCJA DUBOIS;0;1
27.05.2016;KAUFLAND POLSKA MARKETY Sp. z o.o. Sp.k.;0;10
24.05.2016;Szko³a Podstawowa Im.Boles³awa Krzywoustego w Kami;0;1
18.05.2016;KAUFLAND POLSKA MARKETY Sp. z o.o. Sp.k.;0;2
18.05.2016;KAUFLAND POLSKA MARKETY Sp. z o.o. Sp.k.;0;1
18.05.2016;KAUFLAND POLSKA MARKETY Sp. z o.o. Sp.k.;0;1
17.05.2016;Superhobby Market Budowlany Sp. zoo;0;4
17.05.2016;Superhobby Dom i Ogród Spó³ka z o.o.;4;0
17.05.2016;Superhobby Dom i Ogród Spó³ka z o.o.;0;4
13.05.2016;FUNDACJA HA;0;1
13.05.2016;KAUFLAND POLSKA MARKETY Sp. z o.o. Sp.k.;0;1
11.05.2016;ALTOM Alicja Namys³owska Konowrocka sp.j.;0;1
11.05.2016;Zespó³ Szkó³ Nr 3 we Wroc³awiu;0;4
10.05.2016;KAUFLAND POLSKA MARKETY Sp. z o.o. Sp.k.;0;2
10.05.2016;KAUFLAND POLSKA MARKETY Sp. z o.o. Sp.k.;0;1
10.05.2016;KAUFLAND POLSKA MARKETY Sp. z o.o. Sp.k.;0;3
09.05.2016;MT Projekt s.c.;0;2
06.05.2016;ADAR Adam Dudek;0;1
05.05.2016;KAUFLAND POLSKA MARKETY Sp. z o.o. Sp.k.;0;1
05.05.2016;KAUFLAND POLSKA MARKETY Sp. z o.o. Sp.k.;0;1
29.04.2016;OTIS INVESTMENT Sp. z o.o.;0;1
29.04.2016;OTIS INVESTMENT sp. z o.o.;0;1
25.04.2016;KAUFLAND POLSKA MARKETY Sp. z o.o. Sp.k.;0;2
20.04.2016;ZESPÓ£ SZKOLNO-PRZEDSZKOLNY NR 18;0;4
14.04.2016;Multilayer Pipe Company Sp. z o.o.;0;30
14.04.2016;KAUFLAND POLSKA MARKETY Sp. z o.o. Sp.k.;0;1
14.04.2016;KAUFLAND POLSKA MARKETY Sp. z o.o. Sp.k.;0;1
14.04.2016;KAUFLAND POLSKA MARKETY Sp. z o.o. Sp.k.;0;1
14.04.2016;KAUFLAND POLSKA MARKETY Sp. z o.o. Sp.k.;0;1
13.04.2016;D+H Polska Sp. z o.o.;0;2
13.04.2016;D+H Polska Sp. z o.o.;0;1
13.04.2016;D+H Polska Sp. z o.o.;0;3
12.04.2016;KAUFLAND POLSKA MARKETY Sp. z o.o. Sp.k.;0;1
07.04.2016;KAUFLAND POLSKA MARKETY Sp. z o.o. Sp.k.;0;1
06.04.2016;Zak³ad Szklarski Olesiñski Andrzej;500;0
05.04.2016;Cargilll Poland Sp. z o.o. Oddzia³ w Bielanach Wr;0;3
31.03.2016;KAUFLAND POLSKA MARKETY Sp. z o.o. Sp.k.;0;10
29.03.2016;Zespó³ Elekrociep³owni Wroc³awskich KOGENERACJA S.;0;2
25.03.2016;Zespó³ Elekrociep³owni Wroc³awskich KOGENERACJA S.;0;20
22.03.2016;KAUFLAND POLSKA MARKETY Sp. z o.o. Sp.k.;0;5
16.03.2016;SONKO Sp. z o.o.;0;1
16.03.2016;CEDO Spólka z o.o.;0;20
15.03.2016;D+H Polska Sp. z o.o.;0;4
15.03.2016;D+H Polska Sp. z o.o.;0;1
14.03.2016;KAUFLAND POLSKA MARKETY Sp. z o.o. Sp.k.;0;1
11.03.2016;Zespó³ Elekrociep³owni Wroc³awskich KOGENERACJA S.;0;1
10.03.2016;SCHENKER Sp. z o.o. w Warszawie Oddzia³ Wroc³aw;0;1
07.03.2016;KAUFLAND POLSKA MARKETY Sp. z o.o. Sp.k.;0;1
29.02.2016;KAUFLAND POLSKA MARKETY Sp. z o.o. Sp.k.;0;7
22.02.2016;Zespó³ Elekrociep³owni Wroc³awskich KOGENERACJA S.;0;8
19.02.2016;KAUFLAND POLSKA MARKETY Sp. z o.o. Sp.k.;0;6
17.02.2016;KAUFLAND POLSKA MARKETY Sp. z o.o. Sp.k.;0;1
17.02.2016;KAUFLAND POLSKA MARKETY Sp. z o.o. Sp.k.;0;1
11.02.2016;Leszczyñski Center S.C.;0;1
08.02.2016;D+H Polska Sp. z o.o.;0;1
04.02.2016;Zespó³ Elekrociep³owni Wroc³awskich KOGENERACJA S.;0;12
03.02.2016;KAUFLAND POLSKA MARKETY Sp. z o.o. Sp.k.;0;2
03.02.2016;KAUFLAND POLSKA MARKETY Sp. z o.o. Sp.k.;0;3
29.01.2016;Zespó³ Elekrociep³owni Wroc³awskich KOGENERACJA S.;0;16
29.01.2016;WM WROC£AW UL.KAMIEÑSKIEGO 152-162 A,B;0;1
29.01.2016;DRAPA£A ZARZ¥DZANIE NIERUCHOMOŒCIAMI ;0;1
29.01.2016;"WSPÓLNOTA MIESZKANIOWA ""APARTAMENTY KASINA""";0;1
28.01.2016;DHL EXPRESS (Poland) Sp. z o.o.;1;0
25.01.2016;KAUFLAND POLSKA MARKETY Sp. z o.o. Sp.k.;0;2
25.01.2016;KAUFLAND POLSKA MARKETY Sp. z o.o. Sp.k.;0;7
25.01.2016;Cargilll Poland Sp. z o.o. Oddzia³ w Bielanach Wr;0;11
25.01.2016;Zespó³ Szkolno-Przedszkolny Nr 13;0;1
22.01.2016;Zespó³ Elekrociep³owni Wroc³awskich KOGENERACJA S.;0;2
19.01.2016;KAUFLAND POLSKA MARKETY Sp. z o.o. Sp.k.;0;1
12.01.2016;KAUFLAND POLSKA MARKETY Sp. z o.o. Sp.k.;0;7
12.01.2016;DEVCO Sp. z o.o.;0;1
11.01.2016;DRAPA£A ZARZ¥DZANIE NIERUCHOMOŒCIAMI ;0;1
11.01.2016;Cargilll Poland Sp. z o.o. Oddzia³ w Bielanach Wr;0;18
30.12.2015;CLARENA Sp. z o.o Sp.K. ;0;3
21.12.2015;;0;47
18.12.2015;DHL EXPRESS (Poland) Sp. z o.o.;0;1
18.12.2015;DHL EXPRESS (Poland) Sp. z o.o.;0;1
15.12.2015;KAUFLAND POLSKA MARKETY Sp. z o.o. Sp.k.;0;1
15.12.2015;KAUFLAND POLSKA MARKETY Sp. z o.o. Sp.k.;0;1
14.12.2015;Szko³a Podstawowa Nr 1 im.Marii D¹browskiej;0;1
11.12.2015;DEVCO Sp. z o.o.;0;3
10.12.2015;KAUFLAND POLSKA MARKETY Sp. z o.o. Sp.k.;0;2
10.12.2015;WSPÓLNOTA MIESZKANIOWA APARTAMENTY STRZEGOMSKA;0;5
10.12.2015;ZESPÓ£ ZARZ¥DCÓW NIERUCHOMOŒCI Sp. z o.o.;0;3
09.12.2015;TERCEIRA Sp. z o.o.;0;2
04.12.2015;KAUFLAND POLSKA MARKETY Sp. z o.o. Sp.k.;0;1
04.12.2015;KAUFLAND POLSKA MARKETY Sp. z o.o. Sp.k.;0;1
01.12.2015;TOPACZ INVESTMENT Sp. z o.o.;0;8
27.11.2015;KAUFLAND POLSKA MARKETY Sp. z o.o. Sp.k.;0;3
26.11.2015;COHM Sp. z o.o.;0;9
25.11.2015;Zespó³ Elekrociep³owni Wroc³awskich KOGENERACJA S.;0;5
25.11.2015;KORFANTOWSKIE PRZEDSIÊBIORSTWO BUDOWLANE ;0;1
19.11.2015;KAUFLAND POLSKA MARKETY Sp. z o.o. Sp.k.;0;1
19.11.2015;KAUFLAND POLSKA MARKETY Sp. z o.o. Sp.k.;0;4
10.11.2015;KAUFLAND POLSKA MARKETY Sp. z o.o. Sp.k.;0;1
10.11.2015;KAUFLAND POLSKA MARKETY Sp. z o.o. Sp.k.;0;1
28.10.2015;KAUFLAND POLSKA MARKETY Sp. z o.o. Sp.k.;0;20
15.10.2015;Cargilll Poland Sp. z o.o. Oddzia³ w Bielanach Wr;0;20
14.10.2015;ABM alarm Jan Kalin;0;1
13.10.2015;Gimnazjum Nr 15 im. Profesorów Lwowskich;0;3
12.10.2015;Match Point M.W.Matyja Sp. j.;0;1
09.10.2015;ADMI Sp. z o.o.;0;2
09.10.2015;ARMACELL POLAND Sp. z o.o.;0;2
06.10.2015;KAUFLAND POLSKA MARKETY Sp. z o.o. Sp.k.;0;1
02.10.2015;KAUFLAND POLSKA MARKETY Sp. z o.o. Sp.k.;0;1
24.09.2015;D+H Polska Sp. z o.o.;0;5
22.09.2015;Cargilll Poland Sp. z o.o. Oddzia³ w Bielanach Wr;0;6
22.09.2015;CEDO Spólka z o.o.;0;1
17.09.2015;KAUFLAND POLSKA MARKETY Sp. z o.o. Sp.k.;0;1
16.09.2015;Wroc³awskie Przedsiebiorstwo Budowlane Sp. z o.o.;0;1
15.09.2015;Atrium Poland 1 spó³ka z ograniczon¹ odpowiedzialn;0;2
10.09.2015;Wspólnota Mieszkaniowa „ Malownicza „;0;1
10.09.2015;KAUFLAND POLSKA MARKETY Sp. z o.o. Sp.k.;0;2
08.09.2015;Wspólnota Mieszkaniowa „ Mosiê¿na 3-21”;0;1
07.09.2015;"Wspólnota Mieszkaniowa ""Osiedle Chabrowe""";0;1
04.09.2015;EBS Ink-Systems Poland Sp. z o.o.;0;1
04.09.2015;KAUFLAND POLSKA MARKETY Sp. z o.o. Sp.k.;0;1
04.09.2015;KAUFLAND POLSKA MARKETY Sp. z o.o. Sp.k.;0;1
03.09.2015;"Wspólnota Mieszkaniowa ""Zielona Przystañ E""";0;1
27.08.2015;Wspólnota Mieszkaniowa ul. £ubinowa 1d-1g,3-3a;0;1
25.08.2015;KAUFLAND POLSKA MARKETY Sp. z o.o. Sp.k.;0;1
25.08.2015;KAUFLAND POLSKA MARKETY Sp. z o.o. Sp.k.;0;1
24.08.2015;Wspólnota Mieszkaniowa ul. Œliczna 5 - 5b;0;1
24.08.2015;Wspólnota Mieszkaniowa ul. Œliczna 7 - 7a;0;1
14.08.2015;KAUFLAND POLSKA MARKETY Sp. z o.o. Sp.k.;0;1
21.07.2015;Cargilll Poland Sp. z o.o. Oddzia³ w Bielanach Wr;0;7
09.07.2015;KAUFLAND POLSKA MARKETY Sp. z o.o. Sp.k.;0;2
09.07.2015;KAUFLAND POLSKA MARKETY Sp. z o.o. Sp.k.;0;2
07.07.2015;CEDO Spólka z o.o.;0;3
19.06.2015;Wspólnota Mieszkaniowa Stanis³awowska 52-52e;0;3
18.06.2015;"Wspólnota Mieszkaniowa ""Zwyciêska 14F""";0;1
16.06.2015;DONG YANG Electronics Sp. z o.o.;0;1
16.06.2015;KAUFLAND POLSKA MARKETY Sp. z o.o. Sp.k.;0;2
16.06.2015;Zespó³ Elekrociep³owni Wroc³awskich KOGENERACJA S.;0;5
16.06.2015;Zespó³ Elekrociep³owni Wroc³awskich KOGENERACJA S.;0;6
09.06.2015;KAUFLAND POLSKA MARKETY Sp. z o.o. Sp.k.;0;2
03.06.2015;WSPÓLNOTA MIESZKANIOWA PRZY UL.BORÓWKOWEJ 5,7,9 Bi;0;1
03.06.2015;KAUFLAND POLSKA MARKETY Sp. z o.o. Sp.k.;0;1
28.05.2015;KAUFLAND POLSKA MARKETY Sp. z o.o. Sp.k.;0;13
21.05.2015;KAUFLAND POLSKA MARKETY Sp. z o.o. Sp.k.;0;4
11.05.2015;Cargilll Poland Sp. z o.o. Oddzia³ w Bielanach Wr;0;5
05.05.2015;PHU DOKAMA Sp. z o.o.;0;5
04.05.2015;EDF Ekoserwis Sp. z o.o.;0;1
23.04.2015;KAUFLAND POLSKA MARKETY Sp. z o.o. Sp.k.;0;2
23.04.2015;KAUFLAND POLSKA MARKETY Sp. z o.o. Sp.k.;0;1
21.04.2015;Zak³ad Szklarski Olesiñski Andrzej;400;0
16.04.2015;KAUFLAND POLSKA MARKETY Sp. z o.o. Sp.k.;0;2
13.04.2015;Klimpar Ryszard Szo³tysek,Pawe³ Krok;0;2
10.04.2015;Port Lotniczy Wroc³aw S.A.;0;1
07.04.2015;KAUFLAND POLSKA MARKETY Sp. z o.o. Sp.k.;0;4
07.04.2015;KAUFLAND POLSKA MARKETY Sp. z o.o. Sp.k.;0;1
26.03.2015;Wspólnota Mieszkaniowa ul. Pochy³a 7, Têczowa 68;0;1
24.03.2015;"Wspólnota Mieszkaniowa ""Witkowska 11-15a""";0;1
20.03.2015;KAUFLAND POLSKA MARKETY Sp. z o.o. Sp.k.;0;6
19.03.2015;SONKO Sp. z o.o.;0;2
18.03.2015;Gimnazjum Nr 13 im.Unii Europejskiej;0;1
17.03.2015;"Wroc³awski Klub ""Anima""";0;1
13.03.2015;Szko³a Podstawowa Nr 71 im.Leona Kruczkowskiego;0;1
13.03.2015;Wspólnota Mieszkaniowa PrzyjaŸñ;0;1
13.03.2015;CARINA SEALANTS Sp. z o.o. S.K.A;0;2
09.03.2015;KAUFLAND POLSKA MARKETY Sp. z o.o. Sp.k.;0;1
05.03.2015;KAUFLAND POLSKA MARKETY Sp. z o.o. Sp.k.;0;1
03.03.2015;Zespó³ Elekrociep³owni Wroc³awskich KOGENERACJA S.;0;11
26.02.2015;KAUFLAND POLSKA MARKETY Sp. z o.o. Sp.k.;0;10
20.02.2015;Zespó³ Elekrociep³owni Wroc³awskich KOGENERACJA S.;0;1
19.02.2015;Gimnazjum Nr 13 im.Unii Europejskiej;0;1
17.02.2015;PLASTMER Sp. z o.o. Sp.K.;0;4
11.02.2015;Telecommunications Operations & Service ;0;1
10.02.2015;S¥D REJONOWY DLA WROC£AWIA-FABRYCZNEJ;0;1
06.02.2015;KAUFLAND POLSKA MARKETY Sp. z o.o. Sp.k.;0;1
02.02.2015;KAUFLAND POLSKA MARKETY Sp. z o.o. Sp.k.;0;1
29.01.2015;Zespó³ Szkolno-Przedszkolny Nr 13;0;2
23.01.2015;KAUFLAND POLSKA MARKETY Sp. z o.o. Sp.k.;0;3
22.01.2015;Specjalny Oœrodek Szkolno-Wychowawczy Nr 11;0;10
19.01.2015;KAUFLAND POLSKA MARKETY Sp. z o.o. Sp.k.;0;2
19.01.2015;KAUFLAND POLSKA MARKETY Sp. z o.o. Sp.k.;0;1
15.01.2015;D+H Polska Sp. z o.o.;0;3
12.01.2015;KAUFLAND POLSKA MARKETY Sp. z o.o. Sp.k.;0;1
31.12.2014;;0;19
29.12.2014;Cargilll Poland Sp. z o.o. Oddzia³ w Bielanach Wr;0;9
29.12.2014;Cargilll Poland Sp. z o.o. Oddzia³ w Bielanach Wr;0;5
24.12.2014;KAUFLAND POLSKA MARKETY Sp. z o.o. Sp.k.;0;1
22.12.2014;;0;50
16.12.2014;ROMA Roma Szymakowska;0;1
12.12.2014;KAUFLAND POLSKA MARKETY Sp. z o.o. Sp.k.;0;1
12.12.2014;"Firma Us³ugowo-Handlowa ""BEA"" Piotr Borowy";0;1
12.12.2014;KAUFLAND POLSKA MARKETY Sp. z o.o. Sp.k.;0;5
10.12.2014;RTC Œwieradowska Sp. z o.o.;0;2
08.12.2014;KAUFLAND POLSKA MARKETY Sp. z o.o. Sp.k.;0;1
08.12.2014;KAUFLAND POLSKA MARKETY Sp. z o.o. Sp.k.;0;1
08.12.2014;KAUFLAND POLSKA MARKETY Sp. z o.o. Sp.k.;0;3
08.12.2014;D+H Polska Sp. z o.o.;0;4
02.12.2014;Leszczyñski Center S.C.;0;1
02.12.2014;KAUFLAND POLSKA MARKETY Sp. z o.o. Sp.k.;0;1
27.11.2014;Minimax Polska Sp.z o.o.;0;1
26.11.2014;Zespó³ Szkó³ Nr 3 we Wroc³awiu;0;4
20.11.2014;"Wspólnota Mieszkaniowa ""Braterska 7-27""";0;1
19.11.2014;KAUFLAND POLSKA MARKETY Sp. z o.o. Sp.k.;0;1
19.11.2014;"Baseny Miejskie ""Termy Jakuba"" Sp. z o.o.";0;1
12.11.2014;KEA Sp. Jawna Irena i Bogdan Baszak;0;4
12.11.2014;KAUFLAND POLSKA MARKETY Sp. z o.o. Sp.k.;0;2
07.11.2014;Wspólnota Mieszkaniowa Siostrzana 2-8;0;1
04.11.2014;Plac Strzelecki Sp. z o.o.;0;1
31.10.2014;DONG YANG Electronics Sp. z o.o.;0;2
31.10.2014;KAUFLAND POLSKA MARKETY Sp. z o.o. Sp.k.;0;6
28.10.2014;"Wspólnota Mieszkaniowa ""Poleska 43-47B""";0;1
21.10.2014;Match Point M.W.Matyja Sp. j.;0;1
21.10.2014;D+H Polska Sp. z o.o.;0;1
16.10.2014;ALTOM Alicja Namys³owska Konowrocka sp.j.;0;2
11.10.2014;KAUFLAND POLSKA MARKETY Sp. z o.o. Sp.k.;0;1
11.10.2014;KAUFLAND POLSKA MARKETY Sp. z o.o. Sp.k.;0;1
10.10.2014;KAUFLAND POLSKA MARKETY Sp. z o.o. Sp.k.;0;1
10.10.2014;KAUFLAND POLSKA MARKETY Sp. z o.o. Sp.k.;0;3
08.10.2014;Oœrodek Techniki J¹drowej POLON;0;1
08.10.2014;Wspólnota Mieszkaniowa „ Mosiê¿na 3-21”;0;1
03.10.2014;Atrium Dominikañska Sp. z o.o.;0;2
03.10.2014;FAM Grupa Kapita³owa SA;0;1
26.09.2014;"Wspólnota Mieszkaniowa ""Roœlinna""";0;1
25.09.2014;KAUFLAND POLSKA MARKETY Sp. z o.o. Sp.k.;0;1
25.09.2014;Cargilll Poland Sp. z o.o. Oddzia³ w Bielanach Wr;0;14
08.09.2014;KAUFLAND POLSKA MARKETY Sp. z o.o. Sp.k.;0;2
08.09.2014;KAUFLAND POLSKA MARKETY Sp. z o.o. Sp.k.;0;1
08.09.2014;KAUFLAND POLSKA MARKETY Sp. z o.o. Sp.k.;0;3
03.09.2014;KAUFLAND POLSKA MARKETY Sp. z o.o. Sp.k.;0;1
28.08.2014;ADMI Sp. z o.o.;0;1
27.08.2014;KAUFLAND POLSKA MARKETY Sp. z o.o. Sp.k.;0;1
27.08.2014;KAUFLAND POLSKA MARKETY Sp. z o.o. Sp.k.;0;2
07.08.2014;KAUFLAND POLSKA MARKETY Sp. z o.o. Sp.k.;0;2
05.08.2014;Publiczna Szko³a Podstawowa im. Stefana Kardyna³a;0;2
18.07.2014;Cargilll Poland Sp. z o.o. Oddzia³ w Bielanach Wr;0;4
18.07.2014;Zespó³ Elekrociep³owni Wroc³awskich KOGENERACJA S.;0;5
17.07.2014;Europejskie Censtrum Kszta³cenia Stylistów;0;2
15.07.2014;KAUFLAND POLSKA MARKETY Sp. z o.o. Sp.k.;0;2
10.07.2014;KAUFLAND POLSKA MARKETY Sp. z o.o. Sp.k.;0;2
10.07.2014;KAUFLAND POLSKA MARKETY Sp. z o.o. Sp.k.;0;1
16.06.2014;KEA Sp. Jawna Irena i Bogdan Baszak;0;2
09.06.2014;"Stow. pw. MBNP "" Przyjaciele Seniorów """;0;1
30.05.2014;KAUFLAND POLSKA MARKETY Sp. z o.o. Sp.k.;0;4
27.05.2014;KAUFLAND POLSKA MARKETY Sp. z o.o. Sp.k.;0;2
23.05.2014;KAUFLAND POLSKA MARKETY Sp. z o.o. Sp.k.;0;1
16.05.2014;KAUFLAND POLSKA MARKETY Sp. z o.o. Sp.k.;0;2
16.05.2014;KAUFLAND POLSKA MARKETY Sp. z o.o. Sp.k.;0;2
16.05.2014;KAUFLAND POLSKA MARKETY Sp. z o.o. Sp.k.;0;1
07.05.2014;KAUFLAND POLSKA MARKETY Sp. z o.o. Sp.k.;0;2
29.04.2014;KAUFLAND POLSKA MARKETY Sp. z o.o. Sp.k.;0;8
24.04.2014;KAUFLAND POLSKA MARKETY Sp. z o.o. Sp.k.;0;1
23.04.2014;PKP Energetyka S.A. Oddzia³ w Warszawie-Us³ugi ul.;0;3
22.04.2014;Cargilll Poland Sp. z o.o. Oddzia³ w Bielanach Wr;0;7
15.04.2014;KAUFLAND POLSKA MARKETY Sp. z o.o. Sp.k.;0;2
14.04.2014;KAUFLAND POLSKA MARKETY Sp. z o.o. Sp.k.;0;1
09.04.2014;KAUFLAND POLSKA MARKETY Sp. z o.o. Sp.k.;0;1
04.04.2014;KAUFLAND POLSKA MARKETY Sp. z o.o. Sp.k.;0;1
02.04.2014;KAUFLAND POLSKA MARKETY Sp. z o.o. Sp.k.;0;1
02.04.2014;Sportowa Szko³a Podstawowa Nr 72;0;1
31.03.2014;"Wspólnota Mieszkaniowa ""Przy S³owiañskim Wzgórzu"" ";0;2
28.03.2014;KAUFLAND POLSKA MARKETY Sp. z o.o. Sp.k.;0;2
28.03.2014;Surfland Sp. z o.o.S.K.A.;0;2
28.03.2014;Wspólnota Mieszkaniowa ul.Bierutowska 13-15;0;1
28.03.2014;"Wspólnota Mieszkaniowa ""Ró¿y Wiatrów""";0;2
28.03.2014;Wspólnota Mieszkaniowa ul. Motylkowa 6a;0;1
26.03.2014;"Wspólnota Mieszkaniowa ""Na Zagonach""";0;1
19.03.2014;KAUFLAND POLSKA MARKETY Sp. z o.o. Sp.k.;0;1
19.03.2014;KAUFLAND POLSKA MARKETY Sp. z o.o. Sp.k.;0;1
18.03.2014;KAUFLAND POLSKA MARKETY Sp. z o.o. Sp.k.;0;1
13.03.2014;KAUFLAND POLSKA MARKETY Sp. z o.o. Sp.k.;0;1
10.03.2014;KAUFLAND POLSKA MARKETY Sp. z o.o. Sp.k.;0;1
10.03.2014;Szko³a Podstawowa Nr 71 im.Leona Kruczkowskiego;0;1
10.03.2014;Zespó³ Szkó³ Gastronomicznych;0;2
20.02.2014;KAUFLAND POLSKA MARKETY Sp. z o.o. Sp.k.;0;20
13.02.2014;Leszczyñski Center S.C.;0;4
13.02.2014;KAUFLAND POLSKA MARKETY Sp. z o.o. Sp.k.;0;1
13.02.2014;KAUFLAND POLSKA MARKETY Sp. z o.o. Sp.k.;0;2
11.02.2014;KAUFLAND POLSKA MARKETY Sp. z o.o. Sp.k.;0;1
11.02.2014;KAUFLAND POLSKA MARKETY Sp. z o.o. Sp.k.;0;1
10.02.2014;Zespó³ Elekrociep³owni Wroc³awskich KOGENERACJA S.;0;5
07.02.2014;D+H Polska Sp. z o.o.;0;6
31.01.2014;Gminny Oœrodek Pomocy Spo³ecznej;0;2
22.01.2014;KAUFLAND POLSKA MARKETY Sp. z o.o. Sp.k.;0;1
20.01.2014;KAUFLAND POLSKA MARKETY Sp. z o.o. Sp.k.;0;1
15.01.2014;Szko³a Podstawowa Nr 9 im. Wincentego Pola;0;1
14.01.2014;KAUFLAND POLSKA MARKETY Sp. z o.o. Sp.k.;0;1
14.01.2014;KAUFLAND POLSKA MARKETY Sp. z o.o. Sp.k.;0;2
14.01.2014;"Przedsiêbiorstwo Budowlane ""MAXBUD"" ABJ Sp. z o.o.";0;1
14.01.2014;Cargilll Poland Sp. z o.o. Oddzia³ w Bielanach Wr;0;2
08.01.2014;Zak³ad Szklarski Olesiñski Andrzej;200;0
31.12.2013;;0;2
30.12.2013;Zak³ad Szklarski Olesiñski Andrzej;200;0
13.12.2013;DEVCO Sp. z o.o.;0;1
12.12.2013;KAUFLAND POLSKA MARKETY Sp. z o.o. Sp.k.;0;4
11.12.2013;KAUFLAND POLSKA MARKETY Sp. z o.o. Sp.k.;0;1
03.12.2013;KAUFLAND POLSKA MARKETY Sp. z o.o. Sp.k.;0;10
22.11.2013;KAUFLAND POLSKA MARKETY Sp. z o.o. Sp.k.;0;1
22.11.2013;KAUFLAND POLSKA MARKETY Sp. z o.o. Sp.k.;0;1
12.11.2013;ARMACELL POLAND Sp. z o.o.;0;2
08.11.2013;KAUFLAND POLSKA MARKETY Sp. z o.o. Sp.k.;0;1
08.11.2013;KAUFLAND POLSKA MARKETY Sp. z o.o. Sp.k.;0;1
31.10.2013;Wspólnota Lokatorsko-Mieszkaniowa Rynek 60;0;1
28.10.2013;D+H Polska Sp. z o.o.;0;1
25.10.2013;Wspólnota Mieszkaniowa ul. Poranna 16-18;0;1
25.10.2013;"Przedszkole nr 1 ""Planeta Uœmiechu"" ";0;1
25.10.2013;D+H Polska Sp. z o.o.;0;1
18.10.2013;KAUFLAND POLSKA MARKETY Sp. z o.o. Sp.k.;0;2
16.10.2013;Zespó³ Elekrociep³owni Wroc³awskich KOGENERACJA S.;0;6
14.10.2013;Jacek £ozowski;0;1
10.10.2013;"Wspólnota Mieszkaniowa ""Poleska 43-47B""";0;3
10.10.2013;"Wspólnota Mieszkaniowa ""Strzegomska 42""";0;1
09.10.2013;KAUFLAND POLSKA MARKETY Sp. z o.o. Sp.k.;0;1
07.10.2013;"Wspólnota Mieszkaniowa ""Partynicka 36-50""";0;1
07.10.2013;"Wspólnota Mieszkaniowa ""Zielona Przystañ""";0;1
04.10.2013;Wspólnota Mieszkaniowa „ Mosiê¿na 3-21”;0;8
27.09.2013;ILWRO Joint Venture Spó³ka z o.o.;0;8
25.09.2013;Wspólnota Mieszkaniowa Przy ul. P³oñskiego 7-9;0;2
25.09.2013;"Wspólnota Mieszkaniowa ""Zwyciêska 14F""";0;2
23.09.2013;KAUFLAND POLSKA MARKETY Sp. z o.o. Sp.k.;0;1
23.09.2013;KAUFLAND POLSKA MARKETY Sp. z o.o. Sp.k.;0;1
23.09.2013;KAUFLAND POLSKA MARKETY Sp. z o.o. Sp.k.;0;1
23.09.2013;KAUFLAND POLSKA MARKETY Sp. z o.o. Sp.k.;0;1
17.09.2013;"Wspólnota Mieszkaniowa ""Osiedle Chabrowe""";0;2
17.09.2013;KAUFLAND POLSKA MARKETY Sp. z o.o. Sp.k.;0;2
17.09.2013;KAUFLAND POLSKA MARKETY Sp. z o.o. Sp.k.;0;2
04.09.2013;KAUFLAND POLSKA MARKETY Sp. z o.o. Sp.k.;0;1
02.09.2013;Leszczyñski Center S.C.;0;1
02.09.2013;"FABRYKI MEBLI ""FORTE"" S.A. w Ostrowi Mazowieckiej";0;1
23.08.2013;KAUFLAND POLSKA MARKETY Sp. z o.o. Sp.k.;0;2
16.08.2013;Szko³a Podstawowa Nr 68 im.II Tysi¹clecia ;0;1
16.08.2013;KAUFLAND POLSKA MARKETY Sp. z o.o. Sp.k.;0;1
16.08.2013;KAUFLAND POLSKA MARKETY Sp. z o.o. Sp.k.;0;1
31.07.2013;Zak³ad Szklarski Olesiñski Andrzej;100;0
30.07.2013;Publiczna Szko³a Podstawowa im. Stefana Kardyna³a;0;4
26.07.2013;KAUFLAND POLSKA MARKETY Sp. z o.o. Sp.k.;0;4
26.07.2013;KAUFLAND POLSKA MARKETY Sp. z o.o. Sp.k.;0;1
25.07.2013;KAUFLAND POLSKA MARKETY Sp. z o.o. Sp.k.;0;1
25.07.2013;ULTRANET Sp. z o.o.;0;2
23.07.2013;KAUFLAND POLSKA MARKETY Sp. z o.o. Sp.k.;0;3
17.07.2013;"PRZEDSIÊBIORSTWO HANDLOWO-US£UGOWE ""LiR""";0;1
15.07.2013;Cargill Poland Sp. z o.o. Oddzia³ w Bielanach Wr ;0;4
11.07.2013;KAUFLAND POLSKA MARKETY Sp. z o.o. Sp.k.;0;1
10.07.2013;KAUFLAND POLSKA MARKETY Sp. z o.o. Sp.k.;0;3
02.07.2013;D+H Polska Sp. z o.o.;0;3
01.07.2013;Robert Bosch Sp. z o.o. ;0;1
25.06.2013;KAUFLAND POLSKA MARKETY Sp. z o.o. Sp.k.;0;1
25.06.2013;KAUFLAND POLSKA MARKETY Sp. z o.o. Sp.k.;0;1
20.06.2013;Zak³ady Przemys³u Odzie¿owego OTIS Sp. z o.o.;0;1
12.06.2013;KAUFLAND POLSKA MARKETY Sp. z o.o. Sp.k.;0;1
12.06.2013;A.S. CONSULTING Aleksandra Soko³owska-Stasiñska;0;4
06.06.2013;Zespó³ Szkolno-Przedszkolny Nr 12;0;4
28.05.2013;KAUFLAND POLSKA MARKETY Sp. z o.o. Sp.k.;0;1
28.05.2013;KAUFLAND POLSKA MARKETY Sp. z o.o. Sp.k.;0;1
28.05.2013;KAUFLAND POLSKA MARKETY Sp. z o.o. Sp.k.;0;1
27.05.2013;Wspólnota Mieszkaniowa przy ul. Semaforowej 31-93 ;0;1
13.05.2013;KAUFLAND POLSKA MARKETY Sp. z o.o. Sp.k.;0;2
13.05.2013;KAUFLAND POLSKA MARKETY Sp. z o.o. Sp.k.;0;1
13.05.2013;KAUFLAND POLSKA MARKETY Sp. z o.o. Sp.k.;0;1
13.05.2013;KAUFLAND POLSKA MARKETY Sp. z o.o. Sp.k.;0;1
09.05.2013;Wspólnota Mieszkaniowa Tapicerska 1-7, Rymarska 19;0;2
06.05.2013;KAUFLAND POLSKA MARKETY Sp. z o.o. Sp.k.;0;1
25.04.2013;KAUFLAND POLSKA MARKETY Sp. z o.o. Sp.k.;0;1
25.04.2013;Wspólnota Mieszkaniowa Graniczna 1-13, Mieszczañsk;0;1
23.04.2013;Multilayer Pipe Company Sp. z o.o.;0;3
22.04.2013;Krawiecka 1 Sp. z o.o.;0;3
19.04.2013;KAUFLAND POLSKA MARKETY Sp. z o.o. Sp.k.;0;1
18.04.2013;Zespó³ Szkó³ Ponadgimnazjalnych Nr 2 im. Zjednocz;0;1
17.04.2013;KAUFLAND POLSKA MARKETY Sp. z o.o. Sp.k.;0;8
11.04.2013;KAUFLAND POLSKA MARKETY Sp. z o.o. Sp.k.;0;1
11.04.2013;KAUFLAND POLSKA MARKETY Sp. z o.o. Sp.k.;0;1
11.04.2013;KAUFLAND POLSKA MARKETY Sp. z o.o. Sp.k.;0;3
11.04.2013;KAUFLAND POLSKA MARKETY Sp. z o.o. Sp.k.;0;1
03.04.2013;D+H Polska Sp. z o.o.;0;2
29.03.2013;Szko³a Podstawowa Nr 71 im.Leona Kruczkowskiego;0;1
27.03.2013;KAUFLAND POLSKA MARKETY Sp. z o.o. Sp.k.;0;1
27.03.2013;KAUFLAND POLSKA MARKETY Sp. z o.o. Sp.k.;0;2
25.03.2013;Port Lotniczy Wroc³aw S.A.;0;1
18.03.2013;Cargill (Polska) Sp. z o.o. Oddzia³ Bielany ;0;10
14.03.2013;D+H Polska Sp. z o.o.;0;3
13.03.2013;SCHENKER Sp. z o.o. w Warszawie Oddzia³ Wroc³aw;0;2
12.03.2013;KAUFLAND POLSKA MARKETY Sp. z o.o. Sp.k.;0;1
12.03.2013;KAUFLAND POLSKA MARKETY Sp. z o.o. Sp.k.;0;1
21.02.2013;KAUFLAND POLSKA MARKETY Sp. z o.o. Sp.k.;0;3
21.02.2013;KAUFLAND POLSKA MARKETY Sp. z o.o. Sp.k.;0;2
21.02.2013;KAUFLAND POLSKA MARKETY Sp. z o.o. Sp.k.;0;2
18.02.2013;"Zak³ad Us³ugowo-Handlowy ""INSTAL-LECH"" Leszek";0;2
14.02.2013;D+H Polska Sp. z o.o.;0;2
14.02.2013;Zespó³ Elekrociep³owni Wroc³awskich KOGENERACJA S.;0;53
13.02.2013;KAUFLAND POLSKA MARKETY Sp. z o.o. Sp.k.;0;1
08.02.2013;Cargill (Polska) Sp. z o.o. Oddzia³ Bielany ;0;1
05.02.2013;Wspólnota Mieszkaniowa przy ul. Têczowej 70-76a;0;4
04.02.2013;Wspólnota Mieszkaniowa ul. Zdrowa 18-24, Pochy³a 1;0;3
04.02.2013;Wspólnota Mieszkaniowa ul. Pochy³a 7, Têczowa 68;0;6
01.02.2013;Wspólnota Mieszkaniowa przy ul.Pochy³ej 9-17;0;7
01.02.2013;"Wspólnota Mieszkaniowa ""Odra House""";0;2
01.02.2013;Wspólnota Mieszkaniowa ul. Jagie³³y 3,5;0;3
01.02.2013;Wspólnota Mieszkaniowa ul. Kamieñskiego 55a;0;1
01.02.2013;Makro Cash and Carry Polska SA;0;1
28.01.2013;KAUFLAND POLSKA MARKETY Sp. z o.o. Sp.k.;0;9
25.01.2013;Gminny Oœrodek Sportu i Rekraacji w Siechnicach;0;1
24.01.2013;Wspólnota Mieszkaniowa ul. Wietrzna 12-14e;0;5
24.01.2013;Wspólnota Mieszkaniowa ul. PrzyjaŸni 6;0;5
24.01.2013;Wspólnota Mieszkaniowa ul. Wiejska 3,3A,5,5A;0;1
24.01.2013;DEVCO Sp. z o.o.;0;1
22.01.2013;"Wspólnota Mieszkaniowa ""Na Zagonach""";0;3
22.01.2013;"Wspólnota Mieszkaniowa ""Ró¿y Wiatrów""";0;5
17.01.2013;Wspólnota Mieszkaniowa ul.Œlê¿na 112,112a,112b,112;0;3
17.01.2013;Wspólnota Mieszkaniowa przy ul. Pawiej 20;0;1
17.01.2013;Adam Wargacki;0;1
15.01.2013;Wspólnota Mieszkaniowa ul. Motylkowa 6a;0;1
15.01.2013;KAUFLAND POLSKA MARKETY Sp. z o.o. Sp.k.;0;1
14.01.2013;Wspólnota Mieszkaniowa ul. £ubinowa 1d-1g,3-3a;0;4
11.01.2013;Wspólnota Mieszkaniowa ul. Wiwulskiego 14-16,RzeŸb;0;3
11.01.2013;Wspólnota Mieszkaniowa przy ul. Damrota 33-33A, ul;0;2
11.01.2013;Wspólnota Mieszkaniowa ul. RzeŸbiarska 5-13;0;5
11.01.2013;Wspólnota Mieszkaniowa ul.Bierutowska 13-15;0;2
10.01.2013;DOMUS NIERUCHOMOŒCI Sp. z o.o. Sp.k.;0;2
10.01.2013;Wspólnota Mieszkaniowa ul.Zatorska 92-104;0;2
31.12.2012;;0;187
28.12.2012;;0;33
28.12.2012;DEVCO Sp. z o.o.;0;1
21.12.2012;RTC Œwieradowska Sp. z o.o.;0;1
20.12.2012;KAUFLAND POLSKA MARKETY Sp. z o.o. Sp.k.;0;1
19.12.2012;WSPÓLNOTA MIESZKANIOWA ul.Partynicka;0;2
18.12.2012;Wspólnota Mieszkaniowa „OSIEDLE LITERACKIE”;0;2
12.12.2012;Wspólnota Mieszkaniowa;0;2
12.12.2012;"Wspólnota Mieszkaniowa ""PrzyjaŸni 36-38""";0;1
12.12.2012;"Wspólnota Mieszkaniowa ""Partynicka""";0;2
12.12.2012;KAUFLAND POLSKA MARKETY Sp. z o.o. Sp.k.;0;4
04.12.2012;D+H Polska Sp. z o.o.;0;3
03.12.2012;D+H Polska Sp. z o.o.;0;4
03.12.2012;"Wspólnota Mieszkaniowa ""Park O³taszyn""";0;2
26.11.2012;TOPACZ INVESTMENT Sp. z o.o.;0;1
23.11.2012;KAUFLAND POLSKA MARKETY Sp. z o.o. Sp.k.;0;1
23.11.2012;KAUFLAND POLSKA MARKETY Sp. z o.o. Sp.k.;0;1
22.11.2012;KAUFLAND POLSKA MARKETY Sp. z o.o. Sp.k.;0;1
19.11.2012;KAUFLAND POLSKA MARKETY Sp. z o.o. Sp.k.;0;1
19.11.2012;Szko³a Podstawowa Nr 1;0;1
19.11.2012;KAUFLAND POLSKA MARKETY Sp. z o.o. Sp.k.;0;2
14.11.2012;Szko³a Podstawowa Nr 51;0;1
14.11.2012;Szko³a Podstawowa Nr 83 im. Jana Kasprowicza;0;4
14.11.2012;KAUFLAND POLSKA MARKETY Sp. z o.o. Sp.k.;0;1
13.11.2012;Zespó³ Elekrociep³owni Wroc³awskich KOGENERACJA S.;0;1
13.11.2012;NOW-BUD Jaros³aw Nowak;0;5
09.11.2012;PRO-KLIMA Marcin Szewczyk;0;2
08.11.2012;Zak³ad Szklarski Olesiñski Andrzej;40;0
06.11.2012;Cargill (Polska) Sp. z o.o. Oddzia³ Bielany ;0;9
05.11.2012;D+H Polska Sp. z o.o.;0;1
02.11.2012;Robert Bosch Sp. z o.o. ;0;1
23.10.2012;KAUFLAND POLSKA MARKETY Sp. z o.o. Sp.k.;0;1
19.10.2012;KAUFLAND POLSKA MARKETY Sp. z o.o. Sp.k.;0;1
19.10.2012;KAUFLAND POLSKA MARKETY Sp. z o.o. Sp.k.;0;1
18.10.2012;D+H Polska Sp. z o.o.;0;1
18.10.2012;D+H Polska Sp. z o.o.;0;8
10.10.2012;KAUFLAND POLSKA MARKETY Sp. z o.o. Sp.k.;0;1
09.10.2012;D+H Polska Sp. z o.o.;0;1
05.10.2012;Wspólnota Lokatorsko-Mieszkaniowa Rynek 60;0;2
04.10.2012;KAUFLAND POLSKA MARKETY Sp. z o.o. Sp.k.;0;3
01.10.2012;KAUFLAND POLSKA MARKETY Sp. z o.o. Sp.k.;0;5
01.10.2012;KAUFLAND POLSKA MARKETY Sp. z o.o. Sp.k.;0;1
27.09.2012;Biliñski Waldemar;0;3
26.09.2012;"Wspólnota Mieszkaniowa ""Zielona Przystañ B""";0;1
26.09.2012;"Wspólnota Mieszkaniowa ""Strzegomska 42""";0;1
21.09.2012;Zespó³ Elekrociep³owni Wroc³awskich KOGENERACJA S.;0;1
20.09.2012;KAUFLAND POLSKA MARKETY Sp. z o.o. Sp.k.;0;1
13.09.2012;KAUFLAND POLSKA MARKETY Sp. z o.o. Sp.k.;0;1
13.09.2012;KAUFLAND POLSKA MARKETY Sp. z o.o. Sp.k.;0;5
13.09.2012;KAUFLAND POLSKA MARKETY Sp. z o.o. Sp.k.;0;1
12.09.2012;Zespó³ Szkó³ Teleinformacyjnych i Elektronicznych;0;11
11.09.2012;Wspólnota Mieszkaniowa „ Mosiê¿na 3-21”;0;9
10.09.2012;Wspólnota Mieszkaniowa „ Malownicza „;0;6
03.09.2012;Gimnazjum Nr 4 im. Ojca Œwiêtego Jana Paw³a II;0;1
29.08.2012;Wspólnota Mieszkaniowa „Osiedle Chabrowe 79-97”;0;4
24.08.2012;KAUFLAND POLSKA MARKETY Sp. z o.o. Sp.k.;0;1
24.08.2012;KAUFLAND POLSKA MARKETY Sp. z o.o. Sp.k.;0;1
24.08.2012;CEDO Spólka z o.o.;0;3
16.08.2012;KAUFLAND POLSKA MARKETY Sp. z o.o. Sp.k.;0;2
25.07.2012;KAUFLAND POLSKA MARKETY Sp. z o.o. Sp.k.;0;2
18.07.2012;Robert Bosch Sp. z o.o. ;0;1
13.07.2012;KAUFLAND POLSKA MARKETY Sp. z o.o. Sp.k.;0;3
13.07.2012;Gimnazjum Nr 4 im. Ojca Œwiêtego Jana Paw³a II;0;20
05.07.2012;PETER LACKE POLSKA Sp. z o.o.;0;1
05.07.2012;PHU DOKAMA Sp. z o.o.;0;2
01.07.2012;Robert Bosch Sp. z o.o. ;0;2
21.06.2012;KAUFLAND POLSKA MARKETY Sp. z o.o. Sp.k.;0;2
21.06.2012;KAUFLAND POLSKA MARKETY Sp. z o.o. Sp.k.;0;2
21.06.2012;KAUFLAND POLSKA MARKETY Sp. z o.o. Sp.k.;0;1
06.06.2012;KAUFLAND POLSKA MARKETY Sp. z o.o. Sp.k.;0;2
04.06.2012;KAUFLAND POLSKA MARKETY Sp. z o.o. Sp.k.;0;1
04.06.2012;PHU INBUD Zygmunt Chwa³czyñski;0;1
01.06.2012;KAUFLAND POLSKA MARKETY Sp. z o.o. Sp.k.;0;4
01.06.2012;KAUFLAND POLSKA MARKETY Sp. z o.o. Sp.k.;0;1
14.05.2012;Zak³ad Szklarski Olesiñski Andrzej;500;0
11.05.2012;Zespó³ Elekrociep³owni Wroc³awskich KOGENERACJA S.;0;8
02.05.2012;KAUFLAND POLSKA MARKETY Sp. z o.o. Sp.k.;0;2
26.04.2012;KAUFLAND POLSKA MARKETY Sp. z o.o. Sp.k.;0;2
23.04.2012;KAUFLAND POLSKA MARKETY Sp. z o.o. Sp.k.;0;7
19.04.2012;Multilayer Pipe Company Sp. z o.o.;0;4
11.04.2012;KAUFLAND POLSKA MARKETY Sp. z o.o. Sp.k.;0;3
10.04.2012;Zespó³ Elekrociep³owni Wroc³awskich KOGENERACJA S.;0;20
06.04.2012;KAUFLAND POLSKA MARKETY Sp. z o.o. Sp.k.;0;20
04.04.2012;Cargill (Polska) Sp. z o.o. Oddzia³ Bielany ;0;4
30.03.2012;KAUFLAND POLSKA MARKETY Sp. z o.o. Sp.k.;0;2
16.03.2012;KAUFLAND POLSKA MARKETY Sp. z o.o. Sp.k.;0;1
16.03.2012;KAUFLAND POLSKA MARKETY Sp. z o.o. Sp.k.;0;3
01.03.2012;Robert Bosch Sp. z o.o. ;0;1
27.02.2012;"Wy¿sza Szko³a Zarz¹dzania ""Edukacja""";0;1
20.02.2012;D+H Polska Sp. z o.o.;0;1
17.02.2012;KAUFLAND POLSKA MARKETY Sp. z o.o. Sp.k.;0;1
17.02.2012;KAUFLAND POLSKA MARKETY Sp. z o.o. Sp.k.;0;1
17.02.2012;KAUFLAND POLSKA MARKETY Sp. z o.o. Sp.k.;0;3
16.02.2012;PROFI-BUD ;0;4
15.02.2012;D+H Polska Sp. z o.o.;0;2
15.02.2012;CHATEX Sp. z o.o.;0;5
31.01.2012;KAUFLAND POLSKA MARKETY Sp. z o.o. Sp.k.;0;1
23.01.2012;KAUFLAND POLSKA MARKETY Sp. z o.o. Sp.k.;0;1
23.01.2012;KAUFLAND POLSKA MARKETY Sp. z o.o. Sp.k.;0;1
19.01.2012;PHU INBUD Zygmunt Chwa³czyñski;0;1
19.01.2012;KAUFLAND POLSKA MARKETY Sp. z o.o. Sp.k.;0;1
17.01.2012;DEVCO Sp. z o.o.;0;4
04.01.2012;Klimpar Ryszard Szo³tysek,Pawe³ Krok;0;4
03.01.2012;"Przedsiêbiorstwo Budowlane ""MAXBUD"" ABJ Sp. z o.o.";0;2
31.12.2011;;26;0
30.12.2011;Cargill (Polska) Sp. z o.o. Oddzia³ Bielany ;0;5
23.12.2011;KAUFLAND POLSKA MARKETY Sp. z o.o. Sp.k.;0;1
19.12.2011;HOCHTIEF Facility Management Polska Sp. z o.o.;0;1
13.12.2011;KAUFLAND POLSKA MARKETY Sp. z o.o. Sp.k.;0;1
13.12.2011;KAUFLAND POLSKA MARKETY Sp. z o.o. Sp.k.;0;1
09.12.2011;"Przedsiêbiorstwo Budowlane ""MAXBUD"" ABJ Sp. z o.o.";0;6
08.12.2011;"Przedsiêbiorstwo Budowlano-Projektowe ""MAT""";0;2
07.12.2011;Wspólnota Mieszkaniowa PrzyjaŸñ;0;3
01.12.2011;Robert Bosch Sp. z o.o. ;0;11
29.11.2011;Match Point M.W.Matyja Sp. j.;0;1
29.11.2011;Szko³a Podstawowa Nr 1;0;1
29.11.2011;KAUFLAND POLSKA MARKETY Sp. z o.o. Sp.k.;0;12
25.11.2011;KAUFLAND POLSKA MARKETY Sp. z o.o. Sp.k.;0;1
17.11.2011;KAUFLAND POLSKA MARKETY Sp. z o.o. Sp.k.;0;1
17.11.2011;KAUFLAND POLSKA MARKETY Sp. z o.o. Sp.k.;0;1
17.11.2011;KAUFLAND POLSKA MARKETY Sp. z o.o. Sp.k.;0;2
04.11.2011;Zespó³ Elekrociep³owni Wroc³awskich KOGENERACJA S.;0;50
03.11.2011;EMC INSTYTUT MEDYCZNY SA;0;3
31.10.2011;KAUFLAND POLSKA MARKETY Sp. z o.o. Sp.k.;0;1
31.10.2011;KAUFLAND POLSKA MARKETY Sp. z o.o. Sp.k.;0;1
31.10.2011;KAUFLAND POLSKA MARKETY Sp. z o.o. Sp.k.;0;1
31.10.2011;KAUFLAND POLSKA MARKETY Sp. z o.o. Sp.k.;0;1
31.10.2011;KAUFLAND POLSKA MARKETY Sp. z o.o. Sp.k.;0;1
31.10.2011;KAUFLAND POLSKA MARKETY Sp. z o.o. Sp.k.;0;1
31.10.2011;KAUFLAND POLSKA MARKETY Sp. z o.o. Sp.k.;0;3
26.10.2011;KAUFLAND POLSKA MARKETY Sp. z o.o. Sp.k.;0;2
26.10.2011;KAUFLAND POLSKA MARKETY Sp. z o.o. Sp.k.;0;5
26.10.2011;KAUFLAND POLSKA MARKETY Sp. z o.o. Sp.k.;0;1
11.10.2011;D+H Polska Sp. z o.o.;0;2
10.10.2011;EKODYNAMIC Sp. z o.o. Spó³ka Komandytowa;0;1
04.10.2011;Zespó³ Elekrociep³owni Wroc³awskich KOGENERACJA S.;0;6
30.09.2011;S¥D REJONOWY DLA WROC£AWIA-FABRYCZNEJ;0;2
30.09.2011;TOYA S.A.;0;1
29.09.2011;KAUFLAND POLSKA MARKETY Sp. z o.o. Sp.k.;0;2
29.09.2011;KAUFLAND POLSKA MARKETY Sp. z o.o. Sp.k.;0;1
29.09.2011;"Wspólnota Mieszkaniowa ""Partynicka 36-50""";0;2
28.09.2011;"Wspólnota Mieszkaniowa ""Witkowska 11-15a""";0;2
23.09.2011;D+H Polska Sp. z o.o.;0;3
15.09.2011;KAUFLAND POLSKA MARKETY Sp. z o.o. Sp.k.;0;1
15.09.2011;KAUFLAND POLSKA MARKETY Sp. z o.o. Sp.k.;0;1
15.09.2011;KAUFLAND POLSKA MARKETY Sp. z o.o. Sp.k.;0;1
15.09.2011;KAUFLAND POLSKA MARKETY Sp. z o.o. Sp.k.;0;1
12.09.2011;Zespó³ Szkó³ Teleinformacyjnych i Elektronicznych;0;2
05.09.2011;KAUFLAND POLSKA MARKETY Sp. z o.o. Sp.k.;0;1
01.09.2011;KAUFLAND POLSKA MARKETY Sp. z o.o. Sp.k.;0;1
23.08.2011;KAUFLAND POLSKA MARKETY Sp. z o.o. Sp.k.;0;1
16.08.2011;Cargill (Polska) Sp. z o.o. Oddzia³ Bielany ;0;2
10.08.2011;KAUFLAND POLSKA MARKETY Sp. z o.o. Sp.k.;0;1
10.08.2011;KAUFLAND POLSKA MARKETY Sp. z o.o. Sp.k.;0;3
10.08.2011;KAUFLAND POLSKA MARKETY Sp. z o.o. Sp.k.;0;1
09.08.2011;TOPACZ INVESTMENT Sp. z o.o.;0;1
15.07.2011;TRIADA-DOM Wachowiak Œliwiak Spó³ka Jawna;0;3
14.07.2011;A.S. CONSULTING Aleksandra Soko³owska-Stasiñska;0;1
12.07.2011;Cargill (Polska) Sp. z o.o. Oddzia³ Bielany ;0;1
08.07.2011;Match Point M.W.Matyja Sp. j.;0;1
08.07.2011;Wspólnota Mieszkaniowa Zielona Przystañ;0;1
04.07.2011;KAUFLAND POLSKA MARKETY Sp. z o.o. Sp.k.;0;1
30.06.2011;TOPACZ INVESTMENT Sp. z o.o.;0;6
30.06.2011;Zespó³ Szkolno-Przedszkolny Nr 12;0;10
28.06.2011;ATM Grupa S.A.;0;1
27.06.2011;KAUFLAND POLSKA MARKETY Sp. z o.o. Sp.k.;0;2
22.06.2011;KAUFLAND POLSKA MARKETY Sp. z o.o. Sp.k.;0;1
08.06.2011;KAUFLAND POLSKA MARKETY Sp. z o.o. Sp.k.;0;1
08.06.2011;KAUFLAND POLSKA MARKETY Sp. z o.o. Sp.k.;0;2
02.06.2011;KAUFLAND POLSKA MARKETY Sp. z o.o. Sp.k.;0;2
02.06.2011;KAUFLAND POLSKA MARKETY Sp. z o.o. Sp.k.;0;1
02.06.2011;KAUFLAND POLSKA MARKETY Sp. z o.o. Sp.k.;0;1
31.05.2011;Zak³ad Karny Nr 2 we Wroc³awiu;0;1
23.05.2011;KAUFLAND POLSKA MARKETY Sp. z o.o. Sp.k.;0;1
23.05.2011;KAUFLAND POLSKA MARKETY Sp. z o.o. Sp.k.;0;3
23.05.2011;KAUFLAND POLSKA MARKETY Sp. z o.o. Sp.k.;0;1
09.05.2011;Port Lotniczy Wroc³aw S.A.;0;3
05.05.2011;KAUFLAND POLSKA MARKETY Sp. z o.o. Sp.k.;0;1
29.04.2011;KAUFLAND POLSKA MARKETY Sp. z o.o. Sp.k.;0;1
29.04.2011;KAUFLAND POLSKA MARKETY Sp. z o.o. Sp.k.;0;8
28.04.2011;Multilayer Pipe Company Sp. z o.o.;0;6
27.04.2011;KAUFLAND POLSKA MARKETY Sp. z o.o. Sp.k.;0;1
13.04.2011;Cargill (Polska) Sp. z o.o. Oddzia³ Bielany ;0;1
11.04.2011;KAUFLAND POLSKA MARKETY Sp. z o.o. Sp.k.;0;1
11.04.2011;KAUFLAND POLSKA MARKETY Sp. z o.o. Sp.k.;0;1
06.04.2011;KAUFLAND POLSKA MARKETY Sp. z o.o. Sp.k.;0;1
05.04.2011;KAUFLAND POLSKA MARKETY Sp. z o.o. Sp.k.;0;2
05.04.2011;MAGDALENAEUM Sp. z o.o.;0;2
11.03.2011;KAUFLAND POLSKA MARKETY Sp. z o.o. Sp.k.;0;1
01.03.2011;Makro Cash and Carry Polska SA;0;1
28.02.2011;KAUFLAND POLSKA MARKETY Sp. z o.o. Sp.k.;0;1
28.02.2011;KAUFLAND POLSKA MARKETY Sp. z o.o. Sp.k.;0;1
24.02.2011;Zespó³ Elekrociep³owni Wroc³awskich KOGENERACJA S.;0;35
23.02.2011;KAUFLAND POLSKA MARKETY Sp. z o.o. Sp.k.;0;1
23.02.2011;KAUFLAND POLSKA MARKETY Sp. z o.o. Sp.k.;0;1
15.02.2011;AKIRA JACEK KRAWCZYK;0;1
14.02.2011;Leszczyñski Center S.C.;0;1
10.02.2011;KAUFLAND POLSKA MARKETY Sp. z o.o. Sp.k.;0;9
01.02.2011;Cargill (Polska) Sp. z o.o. Oddzia³ Bielany ;0;2
31.01.2011;KAUFLAND POLSKA MARKETY Sp. z o.o. Sp.k.;0;2
31.01.2011;KAUFLAND POLSKA MARKETY Sp. z o.o. Sp.k.;0;5
31.01.2011;KAUFLAND POLSKA MARKETY Sp. z o.o. Sp.k.;0;2
31.12.2010;;0;31
29.12.2010;KAUFLAND POLSKA MARKETY Sp. z o.o. Sp.k.;0;1
28.12.2010;KAUFLAND POLSKA MARKETY Sp. z o.o. Sp.k.;0;1
27.12.2010;DHL EXPRESS (Poland) Sp. z o.o.;0;1
22.12.2010;KAUFLAND POLSKA MARKETY Sp. z o.o. Sp.k.;0;2
21.12.2010;"Wspólnota Mieszkaniowa ""Strzegomska 42""";0;1
15.12.2010;Wspólnota Mieszkaniowa ATRIUM;0;5
14.12.2010;RTC Œwieradowska Sp. z o.o.;0;2
07.12.2010;Bank Polska Kasa Opieki S.A.;0;1
07.12.2010;Bank Polska Kasa Opieki S.A.;0;1
01.12.2010;Robert Bosch Sp. z o.o. ;0;1
01.12.2010;ARMACELL POLAND Sp. z o.o.;0;2
23.11.2010;KAUFLAND POLSKA MARKETY Sp. z o.o. Sp.k.;0;1
18.11.2010;KAUFLAND POLSKA MARKETY Sp. z o.o. Sp.k.;0;1
10.11.2010;KAUFLAND POLSKA MARKETY Sp. z o.o. Sp.k.;0;1
10.11.2010;KAUFLAND POLSKA MARKETY Sp. z o.o. Sp.k.;0;1
04.11.2010;Oœrodek Techniki J¹drowej POLON;0;6
04.11.2010;Oœrodek Techniki J¹drowej POLON;0;14
03.11.2010;KAUFLAND POLSKA MARKETY Sp. z o.o. Sp.k.;0;2
03.11.2010;KAUFLAND POLSKA MARKETY Sp. z o.o. Sp.k.;0;6
02.11.2010;Cargill (Polska) Sp. z o.o. Oddzia³ Bielany ;0;2
28.10.2010;KAUFLAND POLSKA MARKETY Sp. z o.o. Sp.k.;0;1
27.10.2010;KAUFLAND POLSKA MARKETY Sp. z o.o. Sp.k.;0;1
27.10.2010;KAUFLAND POLSKA MARKETY Sp. z o.o. Sp.k.;0;2
27.10.2010;Zespó³ Elekrociep³owni Wroc³awskich KOGENERACJA S.;0;45
20.10.2010;Zak³ad Szklarski Olesiñski Andrzej;540;0
18.10.2010;KAUFLAND POLSKA MARKETY Sp. z o.o. Sp.k.;0;2
18.10.2010;EMC INSTYTUT MEDYCZNY SA;0;1
18.10.2010;"Wspólnota Mieszkaniowa ""Marka H³aski 1""";0;2
14.10.2010;KAUFLAND POLSKA MARKETY Sp. z o.o. Sp.k.;0;2
14.10.2010;KAUFLAND POLSKA MARKETY Sp. z o.o. Sp.k.;0;2
01.10.2010;D+H Polska Sp. z o.o.;0;3
07.09.2010;Zespó³ Elekrociep³owni Wroc³awskich KOGENERACJA S.;0;13
06.09.2010;"Przedszkole Nr 74 ""Ma³y Piekarczyk""";0;1
31.08.2010;"PRZEDSIÊBIORSTWO HANDLOWO-US£UGOWE ""LiR""";0;3
30.08.2010;KAUFLAND POLSKA MARKETY Sp. z o.o. Sp.k.;0;1
26.08.2010;"Wspólnota Mieszkaniowa ""PrzyjaŸni""";0;2
03.08.2010;KAUFLAND POLSKA MARKETY Sp. z o.o. Sp.k.;0;2
03.08.2010;KAUFLAND POLSKA MARKETY Sp. z o.o. Sp.k.;0;1
28.07.2010;CHATEX Sp. z o.o.;0;4
15.07.2010;KAUFLAND POLSKA MARKETY Sp. z o.o. Sp.k.;0;2
15.07.2010;KAUFLAND POLSKA MARKETY Sp. z o.o. Sp.k.;0;2
13.07.2010;KAUFLAND POLSKA MARKETY Sp. z o.o. Sp.k.;0;1
06.07.2010;Zespó³ Szkolno-Przedszkolny Nr 12;0;17
05.07.2010;KAUFLAND POLSKA MARKETY Sp. z o.o. Sp.k.;0;1
05.07.2010;KAUFLAND POLSKA MARKETY Sp. z o.o. Sp.k.;0;2
05.07.2010;KAUFLAND POLSKA MARKETY Sp. z o.o. Sp.k.;0;1
28.06.2010;Robert Bosch Sp. z o.o. ;0;1
28.06.2010;Szko³a Podstawowa Nr 30;0;1
16.06.2010;HOUSE VD Sp. z o.o.SKA;0;1
10.06.2010;KAUFLAND POLSKA MARKETY Sp. z o.o. Sp.k.;0;1
10.06.2010;KAUFLAND POLSKA MARKETY Sp. z o.o. Sp.k.;0;2
10.06.2010;KAUFLAND POLSKA MARKETY Sp. z o.o. Sp.k.;0;2
10.06.2010;KAUFLAND POLSKA MARKETY Sp. z o.o. Sp.k.;0;3
20.05.2010;KAUFLAND POLSKA MARKETY Sp. z o.o. Sp.k.;0;3
20.05.2010;KAUFLAND POLSKA MARKETY Sp. z o.o. Sp.k.;0;2
20.05.2010;S¹d Rejonowy dla Wroc³awia-Krzyków we Wroc³awiu;0;1
17.05.2010;Zak³ad Karny Nr 2 we Wroc³awiu;0;1
07.05.2010;PPHU PIO-INSTAL Piotr Wójcik;0;20
06.05.2010;KAUFLAND POLSKA MARKETY Sp. z o.o. Sp.k.;0;1
06.05.2010;KAUFLAND POLSKA MARKETY Sp. z o.o. Sp.k.;0;2
05.05.2010;KAUFLAND POLSKA MARKETY Sp. z o.o. Sp.k.;0;1
05.05.2010;KAUFLAND POLSKA MARKETY Sp. z o.o. Sp.k.;0;1
05.05.2010;KAUFLAND POLSKA MARKETY Sp. z o.o. Sp.k.;0;1
05.05.2010;KAUFLAND POLSKA MARKETY Sp. z o.o. Sp.k.;0;1
05.05.2010;KAUFLAND POLSKA MARKETY Sp. z o.o. Sp.k.;0;2
22.04.2010;CARINA SILICONES Sp. z o.o.;0;2
21.04.2010;KAUFLAND POLSKA MARKETY Sp. z o.o. Sp.k.;0;2
21.04.2010;KAUFLAND POLSKA MARKETY Sp. z o.o. Sp.k.;0;1
21.04.2010;KAUFLAND POLSKA MARKETY Sp. z o.o. Sp.k.;0;1
13.04.2010;SCHENKER Sp. z o.o. w Warszawie Oddzia³ Wroc³aw;0;3
01.04.2010;KAUFLAND POLSKA MARKETY Sp. z o.o. Sp.k.;0;1
01.04.2010;KAUFLAND POLSKA MARKETY Sp. z o.o. Sp.k.;0;1
30.03.2010;KAUFLAND POLSKA MARKETY Sp. z o.o. Sp.k.;0;1
30.03.2010;KAUFLAND POLSKA MARKETY Sp. z o.o. Sp.k.;0;1
19.03.2010;MAGDALENAEUM Sp. z o.o.;0;2
18.03.2010;Zespó³ Elekrociep³owni Wroc³awskich KOGENERACJA S.;0;20
11.03.2010;Zespó³ Elekrociep³owni Wroc³awskich KOGENERACJA S.;0;5
08.03.2010;KAUFLAND POLSKA MARKETY Sp. z o.o. Sp.k.;0;1
05.03.2010;HFP S.A.;0;1
01.03.2010;KAUFLAND POLSKA MARKETY Sp. z o.o. Sp.k.;0;3
01.03.2010;KAUFLAND POLSKA MARKETY Sp. z o.o. Sp.k.;0;6
18.02.2010;KAUFLAND POLSKA MARKETY Sp. z o.o. Sp.k.;0;3
15.02.2010;KAUFLAND POLSKA MARKETY Sp. z o.o. Sp.k.;0;1
08.02.2010;KAUFLAND POLSKA MARKETY Sp. z o.o. Sp.k.;0;1
08.02.2010;KAUFLAND POLSKA MARKETY Sp. z o.o. Sp.k.;0;1
05.02.2010;KAUFLAND POLSKA MARKETY Sp. z o.o. Sp.k.;0;2
04.02.2010;DEVCO Sp. z o.o.;0;3
19.01.2010;EMC INSTYTUT MEDYCZNY SA;0;3
31.12.2009;;14;0
29.12.2009;KAUFLAND POLSKA MARKETY Sp. z o.o. Sp.k.;0;1
29.12.2009;KAUFLAND POLSKA MARKETY Sp. z o.o. Sp.k.;0;1
04.12.2009;KAUFLAND POLSKA MARKETY Sp. z o.o. Sp.k.;0;1
26.11.2009;Szko³a Podstawowa Nr 51;0;6
25.11.2009;Wspólnota Mieszkaniowa ATRIUM;0;5
25.11.2009;KAUFLAND POLSKA MARKETY Sp. z o.o. Sp.k.;0;2
25.11.2009;KAUFLAND POLSKA MARKETY Sp. z o.o. Sp.k.;0;1
24.11.2009;KAUFLAND POLSKA MARKETY Sp. z o.o. Sp.k.;0;2
05.11.2009;KAUFLAND POLSKA MARKETY Sp. z o.o. Sp.k.;0;1
05.11.2009;KAUFLAND POLSKA MARKETY Sp. z o.o. Sp.k.;0;3
05.11.2009;KAUFLAND POLSKA MARKETY Sp. z o.o. Sp.k.;0;1
28.10.2009;KAUFLAND POLSKA MARKETY Sp. z o.o. Sp.k.;0;1
26.10.2009;Zespó³ Elekrociep³owni Wroc³awskich KOGENERACJA S.;0;3
14.10.2009;KAUFLAND POLSKA MARKETY Sp. z o.o. Sp.k.;0;1
08.10.2009;STEPHAN ELEKTRONIK INVESTMENT Spó³ka z o.o.;0;5
07.10.2009;Cargill (Polska) Sp. z o.o. Oddzia³ Bielany ;0;6
01.10.2009;W&W NIERUCHOMOŒCI I.M. WOJTUŒ Spó³ka Jawna;0;1
29.09.2009;KAUFLAND POLSKA MARKETY Sp. z o.o. Sp.k.;0;1
29.09.2009;KAUFLAND POLSKA MARKETY Sp. z o.o. Sp.k.;0;1
28.09.2009;Multilayer Pipe Company Sp. z o.o.;0;5
25.09.2009;B&W SP. Z O.O.;0;1
14.09.2009;McDonald's Polska Sp. z o.o.;0;1
03.09.2009;KAUFLAND POLSKA MARKETY Sp. z o.o. Sp.k.;0;1
03.09.2009;KAUFLAND POLSKA MARKETY Sp. z o.o. Sp.k.;0;1
19.08.2009;Szko³a Podstawowa Nr 68 im.II Tysi¹clecia ;0;1
14.08.2009;KAUFLAND POLSKA MARKETY Sp. z o.o. Sp.k.;0;1
14.08.2009;KAUFLAND POLSKA MARKETY Sp. z o.o. Sp.k.;0;2
14.08.2009;KAUFLAND POLSKA MARKETY Sp. z o.o. Sp.k.;0;1
01.08.2009;KAUFLAND POLSKA MARKETY Sp. z o.o. Sp.k.;0;1
01.08.2009;KAUFLAND POLSKA MARKETY Sp. z o.o. Sp.k.;0;1
30.07.2009;EKOPOLMAL Jolanta Koleœniczenko;0;1
28.07.2009;Publiczna Szko³a Podstawowa im. Stefana Kardyna³a;0;9
01.07.2009;KAUFLAND POLSKA MARKETY Sp. z o.o. Sp.k.;0;1
23.06.2009;KAUFLAND POLSKA MARKETY Sp. z o.o. Sp.k.;0;1
16.06.2009;Polimex-Mostostal S.A.;0;2
04.06.2009;Cargill (Polska) Sp. z o.o. Oddzia³ Bielany ;0;10
01.06.2009;KAUFLAND POLSKA MARKETY Sp. z o.o. Sp.k.;0;1
25.05.2009;KAUFLAND POLSKA MARKETY Sp. z o.o. Sp.k.;0;1
25.05.2009;KAUFLAND POLSKA MARKETY Sp. z o.o. Sp.k.;0;1
22.05.2009;KAUFLAND POLSKA MARKETY Sp. z o.o. Sp.k.;0;2
12.05.2009;KAUFLAND POLSKA MARKETY Sp. z o.o. Sp.k.;0;7
07.05.2009;Zespó³ Elekrociep³owni Wroc³awskich KOGENERACJA S.;0;10
07.05.2009;Zespó³ Elekrociep³owni Wroc³awskich KOGENERACJA S.;0;14
28.04.2009;KAUFLAND POLSKA MARKETY Sp. z o.o. Sp.k.;0;5
28.04.2009;KAUFLAND POLSKA MARKETY Sp. z o.o. Sp.k.;0;1
28.04.2009;Cargill (Polska) Sp. z o.o. Oddzia³ Bielany ;0;7
23.04.2009;Wspólnota Mieszkaniowa;0;1
16.04.2009;TOPACZ INVESTMENT Sp. z o.o.;0;1
06.04.2009;KAUFLAND POLSKA MARKETY Sp. z o.o. Sp.k.;0;3
01.04.2009;KAUFLAND POLSKA MARKETY Sp. z o.o. Sp.k.;0;2
01.04.2009;KAUFLAND POLSKA MARKETY Sp. z o.o. Sp.k.;0;2
30.03.2009;"Z.U.H. ""CHATEX""";0;7
11.03.2009;KAUFLAND POLSKA MARKETY Sp. z o.o. Sp.k.;0;26
06.03.2009;Szko³a Podstawowa Nr 71 im.Leona Kruczkowskiego;0;1
04.03.2009;CARINA SILICONES Sp. z o.o.;0;5
27.02.2009;S¥D REJONOWY DLA WROC£AWIA-FABRYCZNEJ;0;3
26.02.2009;KAUFLAND POLSKA MARKETY Sp. z o.o. Sp.k.;0;4
26.02.2009;KAUFLAND POLSKA MARKETY Sp. z o.o. Sp.k.;0;2
10.02.2009;OPOLTRANS Przedsiêbiorstwo Handlowo-Us³ugowo;0;1
05.02.2009;KAUFLAND POLSKA MARKETY Sp. z o.o. Sp.k.;0;1
28.01.2009;"Hurtownia Szk³a Okiennego ""ELMAR"" El¿bieta Wa³usz";304;0
27.01.2009;KAUFLAND POLSKA MARKETY Sp. z o.o. Sp.k.;0;2
27.01.2009;KAUFLAND POLSKA MARKETY Sp. z o.o. Sp.k.;0;1
27.01.2009;KAUFLAND POLSKA MARKETY Sp. z o.o. Sp.k.;0;1
27.01.2009;KAUFLAND POLSKA MARKETY Sp. z o.o. Sp.k.;0;1
22.01.2009;Szko³a Podstawowa Nr 9 im. Wincentego Pola;0;1
31.12.2008;;0;820
30.12.2008;Cargill (Polska) Sp. z o.o. Oddzia³ Bielany ;0;5
29.12.2008;KAUFLAND POLSKA MARKETY Sp. z o.o. Sp.k.;0;2
25.11.2008;KEA Sp. Jawna Irena i Bogdan Baszak;0;1
14.11.2008;ProTHERM TGiS Sp. z o.o. Sp.k.;0;1
05.11.2008;Szko³a Podstawowa Nr 83 im. Jana Kasprowicza;0;2
03.11.2008;KAUFLAND POLSKA MARKETY Sp. z o.o. Sp.k.;0;1
03.11.2008;KAUFLAND POLSKA MARKETY Sp. z o.o. Sp.k.;0;3
03.11.2008;KAUFLAND POLSKA MARKETY Sp. z o.o. Sp.k.;0;3
03.11.2008;Wydawnictwa Akcydensowe S.A.Oddzia³ we Wroc³awiu;0;1
31.10.2008;Wspólnota Mieszkaniowa ul.Braterska 7-27;0;5
29.10.2008;KAUFLAND POLSKA MARKETY Sp. z o.o. Sp.k.;0;2
27.10.2008;TIM SA;0;15
22.10.2008;KAUFLAND POLSKA MARKETY Sp. z o.o. Sp.k.;0;1
16.10.2008;STALMONT Przedsiêbiorstwo Produkcyjno-Us³ugowo-;0;1
08.10.2008;KAUFLAND POLSKA MARKETY Sp. z o.o. Sp.k.;0;6
07.10.2008;KAUFLAND POLSKA MARKETY Sp. z o.o. Sp.k.;0;1
07.10.2008;KAUFLAND POLSKA MARKETY Sp. z o.o. Sp.k.;0;1
07.10.2008;KAUFLAND POLSKA MARKETY Sp. z o.o. Sp.k.;0;1
03.10.2008;Instalatorstwo Sanitarne CO i Gazowe Robert Gruce;0;2
01.10.2008;PHU DOKAMA Sp. z o.o.;0;4
01.10.2008;KAUFLAND POLSKA MARKETY Sp. z o.o. Sp.k.;0;1
22.09.2008;"Hurtownia Szk³a Okiennego ""ELMAR"" El¿bieta Wa³usz";1022;0
11.06.2008;CARINA SILICONES Sp. z o.o.;0;2
03.06.2008;KAUFLAND POLSKA MARKETY Sp. z o.o. Sp.k.;0;1
03.06.2008;KAUFLAND POLSKA MARKETY Sp. z o.o. Sp.k.;0;2
03.06.2008;KAUFLAND POLSKA MARKETY Sp. z o.o. Sp.k.;0;2
28.05.2008;Multilayer Pipe Company Sp. z o.o.;0;2
20.05.2008;KAUFLAND POLSKA MARKETY Sp. z o.o. Sp.k.;0;1
20.05.2008;KAUFLAND POLSKA MARKETY Sp. z o.o. Sp.k.;0;13
20.05.2008;KAUFLAND POLSKA MARKETY Sp. z o.o. Sp.k.;0;3
20.05.2008;KAUFLAND POLSKA MARKETY Sp. z o.o. Sp.k.;0;1
20.05.2008;KAUFLAND POLSKA MARKETY Sp. z o.o. Sp.k.;0;1
20.05.2008;PLUS-DISCOUNT Sp. z o.o.;0;1
20.05.2008;PLUS-DISCOUNT Sp. z o.o.;0;1
20.05.2008;PLUS-DISCOUNT Sp. z o.o.;0;2
14.05.2008;KAUFLAND POLSKA MARKETY Sp. z o.o. Sp.k.;0;2
02.05.2008;PLUS-DISCOUNT Sp. z o.o.;0;1
02.05.2008;KAUFLAND POLSKA MARKETY Sp. z o.o. Sp.k.;0;1
02.05.2008;KAUFLAND POLSKA MARKETY Sp. z o.o. Sp.k.;0;1
17.04.2008;KAUFLAND POLSKA MARKETY Sp. z o.o. Sp.k.;0;1
17.04.2008;KAUFLAND POLSKA MARKETY Sp. z o.o. Sp.k.;0;1
04.04.2008;KAUFLAND POLSKA MARKETY Sp. z o.o. Sp.k.;0;1
04.04.2008;KAUFLAND POLSKA MARKETY Sp. z o.o. Sp.k.;0;1
04.04.2008;Cargill (Polska) Sp. z o.o. Oddzia³ Bielany ;0;1
04.04.2008;Cargill (Polska) Sp. z o.o. Oddzia³ Bielany ;0;1
04.04.2008;Cargill (Polska) Sp. z o.o. Oddzia³ Bielany ;0;1
04.04.2008;Cargill (Polska) Sp. z o.o. Oddzia³ Bielany ;0;2
03.04.2008;KAUFLAND POLSKA MARKETY Sp. z o.o. Sp.k.;0;1
01.04.2008;KAUFLAND POLSKA MARKETY Sp. z o.o. Sp.k.;0;3
01.04.2008;KAUFLAND POLSKA MARKETY Sp. z o.o. Sp.k.;0;3
01.04.2008;KAUFLAND POLSKA MARKETY Sp. z o.o. Sp.k.;0;1
01.04.2008;KAUFLAND POLSKA MARKETY Sp. z o.o. Sp.k.;0;1
01.04.2008;MAGDALENAEUM Sp. z o.o.;0;2
18.03.2008;KAUFLAND POLSKA MARKETY Sp. z o.o. Sp.k.;0;2
18.03.2008;KAUFLAND POLSKA MARKETY Sp. z o.o. Sp.k.;0;1
18.03.2008;KAUFLAND POLSKA MARKETY Sp. z o.o. Sp.k.;0;2
13.03.2008;TOYA S.A. we Wroc³awiu, Oddzia³ w Krynicznie;0;2
07.03.2008;Szpital Specjalistyczny im. A.Falkiewicza;0;3
26.02.2008;KAUFLAND POLSKA MARKETY Sp. z o.o. Sp.k.;0;2
26.02.2008;KAUFLAND POLSKA MARKETY Sp. z o.o. Sp.k.;0;1
18.02.2008;PLUS-DISCOUNT Sp. z o.o.;0;2
06.02.2008;PLUS-DISCOUNT Sp. z o.o.;0;1
05.02.2008;Szko³a Podstawowa Nr 9 im. Wincentego Pola;0;1
04.02.2008;Cargill (Polska) Sp. z o.o. Oddzia³ Bielany ;0;10
30.01.2008;KAUFLAND POLSKA MARKETY Sp. z o.o. Sp.k.;0;2
24.01.2008;Makro Cash and Carry Polska SA;0;10
21.01.2008;KAUFLAND POLSKA MARKETY Sp. z o.o. Sp.k.;0;2
21.01.2008;KAUFLAND POLSKA MARKETY Sp. z o.o. Sp.k.;0;3
17.01.2008;"Z.U.H. ""CHATEX""";0;2
30.12.2007;;0;220
28.12.2007;KAUFLAND POLSKA MARKETY Sp. z o.o. Sp.k.;0;1
28.12.2007;KAUFLAND POLSKA MARKETY Sp. z o.o. Sp.k.;0;6
28.12.2007;KAUFLAND POLSKA MARKETY Sp. z o.o. Sp.k.;0;2
28.12.2007;KAUFLAND POLSKA MARKETY Sp. z o.o. Sp.k.;0;3
28.12.2007;KAUFLAND POLSKA MARKETY Sp. z o.o. Sp.k.;0;1
21.12.2007;DEVCO Sp. z o.o.;0;1
18.12.2007;Cargill (Polska) Sp. z o.o. Oddzia³ Bielany ;0;8
11.12.2007;HOCHTIEF Facility Management Polska Sp. z o.o.;0;10
01.12.2007;G³ówny;5;0
21.11.2007;Makro Cash and Carry Polska SA;0;1
13.11.2007;KAUFLAND POLSKA MARKETY Sp. z o.o. Sp.k.;0;3
13.11.2007;KAUFLAND POLSKA MARKETY Sp. z o.o. Sp.k.;0;2
31.10.2007;KAUFLAND POLSKA MARKETY Sp. z o.o. Sp.k.;0;1
31.10.2007;KAUFLAND POLSKA MARKETY Sp. z o.o. Sp.k.;0;1
31.10.2007;KAUFLAND POLSKA MARKETY Sp. z o.o. Sp.k.;0;1
29.10.2007;G³ówny;5;0
29.10.2007;G³ówny;13;0
29.10.2007;G³ówny;6;0
29.10.2007;G³ówny;9;0
17.10.2007;KAUFLAND POLSKA MARKETY Sp. z o.o. Sp.k.;0;2
05.10.2007;Wroc³awskie Przedsiêbiorstwo Hala Ludowa Sp. z ;0;1
04.10.2007;KAUFLAND POLSKA MARKETY Sp. z o.o. Sp.k.;0;3
26.09.2007;KAUFLAND POLSKA MARKETY Sp. z o.o. Sp.k.;0;2
21.09.2007;KAUFLAND POLSKA MARKETY Sp. z o.o. Sp.k.;0;2
21.09.2007;KAUFLAND POLSKA MARKETY Sp. z o.o. Sp.k.;0;2
18.09.2007;Zak³ad budownictwa Ogólnego i Handlu Hieronim;0;10
11.09.2007;KAUFLAND POLSKA MARKETY Sp. z o.o. Sp.k.;0;1
11.09.2007;KAUFLAND POLSKA MARKETY Sp. z o.o. Sp.k.;0;1
11.09.2007;KAUFLAND POLSKA MARKETY Sp. z o.o. Sp.k.;0;1
28.08.2007;KAUFLAND POLSKA MARKETY Sp. z o.o. Sp.k.;0;1
21.08.2007;KAUFLAND POLSKA MARKETY Sp. z o.o. Sp.k.;0;1
17.08.2007;Szko³a Podstawowa Nr 2 im. Henryka Sucharskiego;0;4
08.08.2007;KAUFLAND POLSKA MARKETY Sp. z o.o. Sp.k.;0;2
08.08.2007;WSPÓLNOTA MIESZKANIOWA ul.Partynicka;0;3
06.08.2007;PLUS-DISCOUNT Sp. z o.o.;0;1
24.07.2007;KAUFLAND POLSKA MARKETY Sp. z o.o. Sp.k.;0;1
12.07.2007;KAUFLAND POLSKA MARKETY Sp. z o.o. Sp.k.;0;2
12.07.2007;PLUS-DISCOUNT Sp. z o.o.;0;7
10.07.2007;KAUFLAND POLSKA MARKETY Sp. z o.o. Sp.k.;0;1
06.07.2007;KAUFLAND POLSKA MARKETY Sp. z o.o. Sp.k.;0;1
20.06.2007;A.S. CONSULTING Aleksandra Soko³owska-Stasiñska;0;2
18.06.2007;KAUFLAND POLSKA MARKETY Sp. z o.o. Sp.k.;0;1
18.06.2007;KAUFLAND POLSKA MARKETY Sp. z o.o. Sp.k.;0;1
18.06.2007;KAUFLAND POLSKA MARKETY Sp. z o.o. Sp.k.;0;2
18.06.2007;KAUFLAND POLSKA MARKETY Sp. z o.o. Sp.k.;0;1
18.06.2007;KAUFLAND POLSKA MARKETY Sp. z o.o. Sp.k.;0;2
18.06.2007;KAUFLAND POLSKA MARKETY Sp. z o.o. Sp.k.;0;1
13.06.2007;KAUFLAND POLSKA MARKETY Sp. z o.o. Sp.k.;0;1
05.06.2007;KAUFLAND POLSKA MARKETY Sp. z o.o. Sp.k.;0;3
05.06.2007;KAUFLAND POLSKA MARKETY Sp. z o.o. Sp.k.;0;1
05.06.2007;KAUFLAND POLSKA MARKETY Sp. z o.o. Sp.k.;0;2
05.06.2007;KAUFLAND POLSKA MARKETY Sp. z o.o. Sp.k.;0;1
05.06.2007;KAUFLAND POLSKA MARKETY Sp. z o.o. Sp.k.;0;1
05.06.2007;KAUFLAND POLSKA MARKETY Sp. z o.o. Sp.k.;0;1
29.05.2007;KAUFLAND POLSKA MARKETY Sp. z o.o. Sp.k.;0;1
28.05.2007;KAUFLAND POLSKA MARKETY Sp. z o.o. Sp.k.;0;3
25.05.2007;Szko³a Podstawowa Nr 71 im.Leona Kruczkowskiego;0;1
24.05.2007;KAUFLAND POLSKA MARKETY Sp. z o.o. Sp.k.;0;6
21.05.2007;Wroc³awskie Przedsiêbiorstwo Hala Ludowa Sp. z ;0;10
14.05.2007;KAUFLAND POLSKA MARKETY Sp. z o.o. Sp.k.;0;1
14.05.2007;KAUFLAND POLSKA MARKETY Sp. z o.o. Sp.k.;0;1
08.05.2007;KAUFLAND POLSKA MARKETY Sp. z o.o. Sp.k.;0;1
08.05.2007;KAUFLAND POLSKA MARKETY Sp. z o.o. Sp.k.;0;1
08.05.2007;KAUFLAND POLSKA MARKETY Sp. z o.o. Sp.k.;0;2
08.05.2007;KAUFLAND POLSKA MARKETY Sp. z o.o. Sp.k.;0;1
25.04.2007;KAUFLAND POLSKA MARKETY Sp. z o.o. Sp.k.;0;3
19.04.2007;KAUFLAND POLSKA MARKETY Sp. z o.o. Sp.k.;0;1
19.04.2007;KAUFLAND POLSKA MARKETY Sp. z o.o. Sp.k.;0;1
19.04.2007;KAUFLAND POLSKA MARKETY Sp. z o.o. Sp.k.;0;3
19.04.2007;KAUFLAND POLSKA MARKETY Sp. z o.o. Sp.k.;0;2
19.04.2007;KAUFLAND POLSKA MARKETY Sp. z o.o. Sp.k.;0;2
18.04.2007;Zespó³ Szkolno-Przedszkolny nr 7;0;2
11.04.2007;KAUFLAND POLSKA MARKETY Sp. z o.o. Sp.k.;0;2
11.04.2007;KAUFLAND POLSKA MARKETY Sp. z o.o. Sp.k.;0;1
10.04.2007;MAGDALENAEUM Sp. z o.o.;0;3
05.04.2007;KAUFLAND POLSKA MARKETY Sp. z o.o. Sp.k.;0;2
05.04.2007;KAUFLAND POLSKA MARKETY Sp. z o.o. Sp.k.;0;3
04.04.2007;KAUFLAND POLSKA MARKETY Sp. z o.o. Sp.k.;0;3
04.04.2007;KAUFLAND POLSKA MARKETY Sp. z o.o. Sp.k.;0;1
04.04.2007;KAUFLAND POLSKA MARKETY Sp. z o.o. Sp.k.;0;1
22.03.2007;MICHA£ PONIATOWSKI;0;5
16.03.2007;KAUFLAND POLSKA MARKETY Sp. z o.o. Sp.k.;0;11
09.03.2007;KAUFLAND POLSKA MARKETY Sp. z o.o. Sp.k.;0;2
02.03.2007;KEA Sp. Jawna Irena i Bogdan Baszak;0;2
01.03.2007;KAUFLAND POLSKA MARKETY Sp. z o.o. Sp.k.;0;2
01.03.2007;G³ówny;2;0
01.03.2007;G³ówny;1;0
01.03.2007;G³ówny;1;0
01.03.2007;PLUS-DISCOUNT Sp. z o.o.;0;2
23.02.2007;MICHA£ PONIATOWSKI;0;13
22.02.2007;G³ówny;1;0
22.02.2007;KAUFLAND POLSKA MARKETY Sp. z o.o. Sp.k.;0;1
16.02.2007;KAUFLAND POLSKA MARKETY Sp. z o.o. Sp.k.;0;3
16.02.2007;G³ówny;1;0
16.02.2007;G³ówny;2;0
09.02.2007;MICHA£ PONIATOWSKI;0;6
07.02.2007;KAUFLAND POLSKA MARKETY Sp. z o.o. Sp.k.;0;4
05.02.2007;PIOTR WÓJCIK;0;8
05.02.2007;PIOTR WÓJCIK;0;3
31.01.2007;"Hurtownia Szk³a Okiennego ""ELMAR"" El¿bieta Wa³usz";504;0
23.01.2007;KAUFLAND POLSKA MARKETY Sp. z o.o. Sp.k.;0;1
15.01.2007;PIOTR WÓJCIK;0;6
10.01.2007;GRZEGORZ BANAŒ;0;10
02.01.2007;MICHA£ PONIATOWSKI;0;15
30.12.2006;;0;209
19.12.2006;"Spó³dzielnia Mieszkaniowa ""Wroc³awski Dom""";0;4
18.12.2006;KAUFLAND POLSKA MARKETY Sp. z o.o. Sp.k.;0;1
18.12.2006;KAUFLAND POLSKA MARKETY Sp. z o.o. Sp.k.;0;2
05.12.2006;KAUFLAND POLSKA MARKETY Sp. z o.o. Sp.k.;0;4
28.11.2006;KAUFLAND POLSKA MARKETY Sp. z o.o. Sp.k.;0;2
10.11.2006;Przedsiêbiorstwo REM-BUD K.Kowal-G¹ska;0;2
07.11.2006;KAUFLAND POLSKA MARKETY Sp. z o.o. Sp.k.;0;1
16.10.2006;"O.B.P.P.i W.O.Œ. i B. ""Oikos"" Sp. z o.o.";0;2
14.10.2006;KAUFLAND POLSKA MARKETY Sp. z o.o. Sp.k.;0;2
11.10.2006;Integer-Hotel Tumski;0;1
10.10.2006;KAUFLAND POLSKA MARKETY Sp. z o.o. Sp.k.;0;5
04.10.2006;KAUFLAND POLSKA MARKETY Sp. z o.o. Sp.k.;0;1
25.09.2006;KAUFLAND POLSKA MARKETY Sp. z o.o. Sp.k.;0;1
25.09.2006;KAUFLAND POLSKA MARKETY Sp. z o.o. Sp.k.;0;1
22.09.2006;OPERA  WROC£AWSKA;0;5
07.09.2006;KAUFLAND POLSKA MARKETY Sp. z o.o. Sp.k.;0;1
01.09.2006;KAUFLAND POLSKA MARKETY Sp. z o.o. Sp.k.;0;2
23.08.2006;"Wspólnota Mieszkaniowa ""Park O³taszyn";0;2
17.08.2006;"Z.U.H. ""CHATEX""";0;2
17.08.2006;BOXMET;10;0
14.08.2006;KAUFLAND POLSKA MARKETY Sp. z o.o. Sp.k.;0;4
11.08.2006;KAUFLAND POLSKA MARKETY Sp. z o.o. Sp.k.;0;1
02.08.2006;Muzeum Narodowe we Wroc³awiu;0;2
28.07.2006;KAUFLAND POLSKA MARKETY Sp. z o.o. Sp.k.;0;2
28.07.2006;KAUFLAND POLSKA MARKETY Sp. z o.o. Sp.k.;0;5
26.07.2006;McDonald's Polska Sp. z o.o.;0;1
25.07.2006;Aleksandra Soko³owska-Stasiñska;0;2
05.07.2006;PLUS-DISCOUNT Sp. z o.o.;0;3
05.07.2006;KAUFLAND POLSKA MARKETY Sp. z o.o. Sp.k.;0;2
27.06.2006;PLUS-DISCOUNT Sp. z o.o.;0;5
23.06.2006;CARINA SILICONES Sp. z o.o.;0;1
23.06.2006;SCHENKER Sp. z o.o. w Warszawie Oddzia³ Wroc³aw;0;2
20.06.2006;KAUFLAND POLSKA MARKETY Sp. z o.o. Sp.k.;0;1
20.06.2006;KAUFLAND POLSKA MARKETY Sp. z o.o. Sp.k.;0;1
20.06.2006;KAUFLAND POLSKA MARKETY Sp. z o.o. Sp.k.;0;2
13.06.2006;KAUFLAND POLSKA MARKETY Sp. z o.o. Sp.k.;0;2
05.06.2006;A.S. CONSULTING Aleksandra Soko³owska-Stasiñska;0;2
05.06.2006;KAUFLAND POLSKA MARKETY Sp. z o.o. Sp.k.;0;1
30.05.2006;MAGDALENAEUM Sp. z o.o.;0;10
24.05.2006;KAUFLAND POLSKA MARKETY Sp. z o.o. Sp.k.;0;1
23.05.2006;KAUFLAND POLSKA MARKETY Sp. z o.o. Sp.k.;0;2
16.05.2006;Jacek £ozowski;0;6
12.05.2006;KAUFLAND POLSKA MARKETY Sp. z o.o. Sp.k.;0;2
12.05.2006;KAUFLAND POLSKA MARKETY Sp. z o.o. Sp.k.;0;2
27.04.2006;AKA 69-ZUTiP Adam Krzysztofiak;0;7
21.04.2006;KAUFLAND POLSKA MARKETY Sp. z o.o. Sp.k.;0;3
21.04.2006;KAUFLAND POLSKA MARKETY Sp. z o.o. Sp.k.;0;1
10.04.2006;KAUFLAND POLSKA MARKETY Sp. z o.o. Sp.k.;0;2
21.03.2006;Przedsiêbiorstwo Budowlane INTER-SYSTEM Sp. z o.o.;0;2
10.03.2006;KAUFLAND POLSKA MARKETY Sp. z o.o. Sp.k.;0;1
09.03.2006;KAUFLAND POLSKA MARKETY Sp. z o.o. Sp.k.;0;2
24.02.2006;Cargill (Polska) Sp. z o.o. Oddzia³ Bielany ;0;10
21.02.2006;KAUFLAND POLSKA MARKETY Sp. z o.o. Sp.k.;0;1
21.02.2006;KAUFLAND POLSKA MARKETY Sp. z o.o. Sp.k.;0;2
10.02.2006;KAUFLAND POLSKA MARKETY Sp. z o.o. Sp.k.;0;5
10.02.2006;PLUS-DISCOUNT Sp. z o.o.;0;1
31.01.2006;KAUFLAND POLSKA MARKETY Sp. z o.o. Sp.k.;0;1
09.01.2006;KAUFLAND POLSKA MARKETY Sp. z o.o. Sp.k.;0;1
